"콘텐츠ID","콘텐츠명","구분","위도","경도","장소","제목","부제목","교통정보","기타정보","이미지URL","썸네일이미지URL","상세내용"
"58","초량이바구길","도보여행","35.11635","129.03874","초량이바구길","이야기로 피어난 어제의 기억 초량이바구길","이바구 꽃이 피었습니다","도시철도 1호선 부산역 7번 출구 도보 2분, 초량역 1번 출구 도보 8분버스 26, 27, 40, 41, 59, 81, 87, 103, 1003, 1004 부산역 하차 도보 2분주차 인근 공영주차장","-","https://www.visitbusan.net/uploadImgs/files/cntnts/20191125133252609_ttiel","https://www.visitbusan.net/uploadImgs/files/cntnts/20191125133252609_thumbL","부산항을 기준으로 근처에 보이는 산 중턱마다 죄다 빽빽하게 들어서 있는 주택들.정든 고향 남겨두고 부산으로 피난 온 사람들이 산으로 올라가 일군 마을. 일감만 있다면 부두로, 역으로, 국제시장으로 하루에도 수십 번을 오르내렸을 168계단.경상도 사투리도 모르던 사람들이 피워낸 이야기 길, 초량이바구길을 만나러 가자. <p class=""font-size28 colorDarkBlue medium"">초량이바구길</p><p class=""font-size20 medium"">옛백제병원 - 남선창고터 - 초량교회 - 168계단 -김민부 전망대 - 이바구공작소 - 장기려더나눔센터 - 유치환우체통 전망대</p>부산역을 빠져나오면 부산의 특별한 이야기가 시작된다. 부산역사 길 건너 좁은 골목길에서 만나는 옛백제병원과 남선창고터가 초량이바구길의 출발점이다. 웅장한 백제병원과 벽만 남은 남선창고터의 적벽돌에 세월의 흔적이 고스란히 묻어난다. 1920년대에 가장 화려하게 빛을 발했던 두 곳의 당시 상황이 머릿속에 그려지는 듯하다.외국인 선교사에 의해 최초로 세워진 초량교회를 찾아간다. 항일운동을 전개하고 신사참배에 반대하던 사람들의 집결지였다고 한다. 초량초등학교 담장을 따라가는 좁은 골목길에는 세월의 흔적이 가득 묻어난다. 저마다의 사진 속에 피난민의 희로애락이 비춰진다.도로도 없던 까꼬막 판자촌에 상수도가 있었을 리 없다. 168계단을 뛰어내려와 양동이에 물을 길어 끝이 없을 것 같은 계단을 다시 올라야 했겠지. 터만 남은 우물과 계단 옆 모노레일은 속절없이 흘러버린 세월의 무정함을 느끼게 한다.부산 출신의 천재시인 김민부를 기리는 김민부 전망대에서 잠시 숨을 돌리고 이바구공작소로 향한다. 이바구공작소는 초량 산복도로의 소소한 이야기를 전시하는 공간이다. 하늘과 맞닿을 듯 자리한 산복도로 마을에는 집집마다 사연이 많다. 거친 삶의 흔적을 담담히 전해주는 곳이다.평생 자신의 집 한 칸 마련하지 않고 가난한 피난민을 무료로 진료한 외과의사 장기려 박사. 의술이 아닌 인술을 베푼 그의 행적을 기리는 장기려더나눔센터에서 자발적 가난의 숭고함을 배운다. 시내버스가 다니는 산복도로를 만나는 지점 끝에 자리한 유치환우체통전망대에서 부산항을 조망하며 초량이바구길의 여정을 마감한다.세월이 느껴지는 골목마다 저마다의 이야기를 꽃피운다. 이야기를 따라가다 보니 이제 ‘이바구’가 이야기라는 걸, ‘까꼬막’이 오르기 힘든 고갯길이라는 걸 알게 된다.초량이바구길은 피난민들이 그러했듯, 멈추지 않고 계속되는 우리네 삶의 여정이다."
"254","절영해안산책로","도보여행","35.080116","129.04251","절영해안산책로","걷기만 해도 힐링, 절영해안산책로","바다를 벗 삼아 걷는 길","버스 508, 6, 7, 70, 71, 82, 85, 9 영도구1, 영도구5 부산보건고등학교 하차","휠체어 접근 가능 구간 있음(절영해안산책로 입구 ~ 흰여울해안터널 / 절영해랑길)","https://www.visitbusan.net/uploadImgs/files/cntnts/20191222162111363_ttiel","https://www.visitbusan.net/uploadImgs/files/cntnts/20191222162111363_thumbL","부산하면 떠오르는 바다! 해수욕장은 많이 가봤다고? 색다른 부산바다의 매력을 느끼고 싶다면, 절영해안산책로로 가보자!부산 영도 영선동, 태종대 입구에 위치한 절영해안산책로는 남항동의 관리사무소에서 출발해 중리항, 감지해변길을 지나 태종대로 이어지는 약 3km 길이의 해안길이다. 과거 지형이 가파르고 험난해 군사보호 지역이기도 했던 이곳은 2001년부터 산책로로 개설되어 지금은 전국적인 관광지로 자리매김했다. 산책로 담벼락을 따라 조성된 타일 벽화와 파도문양 바닥이 눈앞에 펼쳐진 바다와 어우러져 시원함을 더한다.절영해안산책로를 걷다 보면 가끔씩 해녀가 물질하는 모습을 볼 수 있다. 남항어촌계 소속 해녀들이다. 흰여울 해안터널을 지나자마자 만나게 되는 소박한 해녀촌에서 직접 채취한 자연산을 구경할 수 있다. 산책로를 걷다가 살짝 출출함이 느껴질 때 해녀촌에 들러 싱싱한 해산물로 바다의 참맛을 느껴보는 것도 좋은 방법이다.2014년 국토해양부가 선정한 대한민국 5대 해안누리길에 선정된 산책로에 걸맞게 곳곳에 볼거리가 많다. 알록달록 무지개 색 피아노계단을 오르면 흰여울 전망대에 이른다. 전망대에 올라보면 남항 묘박지의 몽환적인 바다풍경이 황홀하게 다가온다. 무지개 계단을 오르지 않는다면 바로 흰여울 해안터널로 가자. 길이 70m의 터널은 색색의 조명과 화려한 포토존이 가득해 관광객들의 사랑을 받고 있다. 흰여울 해안터널을 벗어나면 완전히 다른 해안길을 마주한다. 영도의 서쪽 해안은 오래전 그 경치 그대로  자연환경이 잘 보전되어 있다. 깎아지른 기암절벽과 시원하게 부딪치는 파도를 보고 있노라면 속이 뻥 뚫리는 경험을 할 수 있다. 바위 사이로 이어진 출렁다리는 긴 산책로에 색다른 재미를 선사하는 킬링 포인트이다.숲길을 지나 올라가면 절영해랑길과 이어진다. 절영해랑길은 탁 트인 바다 전경을 볼 수 있는 뷰 포인트가 많은 곳이다. 그 중 하늘전망대 스카이워크는 바다 위를 걷는 듯 아찔하고 강렬한 경험을 선사한다. 가까이 있는 75광장은 1975년에 조성된 곳으로 관광객을 위한 휴식의 공간이 되기도 하고, 날이 좋은 때는 바다 건너 대마도까지 볼 수 있는 문화 핫플레이스이기도 하다. 한쪽에는 수평선이, 한쪽에는 흰여울 마을 일대가 아름답게 펼쳐지는 곳에서 불어오는 바닷바람에 힘들었던 일도 슬펐던 일도 시원하게 날려보는 것은 어떨까.굽이치는 파도를 따라 걸으며 여유와 자유를 함께 느낄 수 있는 절영해안산책로. 걷기만 해도 힐링이 되는 천혜의 자연경관은 놓치기 아까운 영도의 보물이다."
"283","달맞이길/문탠로드","도보여행","35.156742","129.1807","달맞이길/문탠로드","일출과 월출 모두를 품은 달맞이길 & 문탠로드","걷기 좋은 도심 속 숲길","도시철도 2호선 해운대역 1번 출구 → 해운대구2, 해운대구10 마을버스 환승버스 100, 139, 141, 200, 39, 1003, 141(심야) 미포 문탠로드입구 하차마을버스 해운대구2, 해운대구10 일신하일라빌라 하차, 해운대구7 달맞이요양병원하차시티투어버스  해운대해수욕장(블루라인) → 달맞이길 하차주차 인근 공영주차장","장애인 화장실, 장애인 주차구역, 휠체어 접근 가능","https://www.visitbusan.net/uploadImgs/files/cntnts/20191225172829491_ttiel","https://www.visitbusan.net/uploadImgs/files/cntnts/20191225172829491_thumbL","해운대 삼포길의 시작점이자 갈맷길 1코스와 2코스를 잇는 길.월출이 아름다운 부산의 인기 드라이브 코스.낮에는 푸르른 바다를 바라보며 걷고 밤에는 달빛을 맞으며 걷는 길.파리에 몽마르트 언덕이 있다면 부산에는 달맞이길이 있다. 달맞이길은 달맞이 언덕을 올라야하는 길이지만 그 길을 오르는 것은 하나도 힘들지 않다. 조금씩 높아지는 시야 덕에 해운대 해수욕장과 동백섬, 멀리는 광안대교까지 한눈에 들어오기 때문이다. 돌담길이 이어진 길 위에 예쁜 카페와 분위기 있는 레스토랑, 숨은 맛집이 여행자의 마음을 설레게 한다.달맞이길의 중간지점에 해월정이 기다리고 있다. 고풍스러운 정자는 걷느라 지친 다리를 달래기에 좋은 휴식처가 되어준다. 달맞이 언덕에서도 가장 월출이 잘 보이는 명당이며, 달빛이 내려앉은 해운대 앞바다의 진풍경은 대한팔경 중 하나이다. 이곳에서 정월 달빛을 받으며 사랑의 언약을 나눈 남녀는 그 사랑이 이루어진다는 전설이 있다.  해월정에서 문탠로드로 연결된 오솔길을 따라 내려가 보자. 울창한 소나무 숲길 사이로 푸른 바다가 한눈에 들어온다. 달맞이 언덕의 초입에 있는 문탠로드 입구에서 숲길 산책을 시작해도 되지만, 이미 해월정까지 와버렸다면 이 오솔길이 문탠로드로 합류하는 가장 빠른 방법이다.문탠로드는 달빛을 받으며 걷는 숲속길이라는 뜻으로 달맞이 언덕 시작 즈음에서 잘 조성된 산책로로 이어진다. 가벼운 옷차림에 운동화만 있으면 문탠로드를 산책하는 데 무리가 없다. 총 2.2km 구간을 걷고 나면 다시 출발점으로 돌아오게끔 구성되었다. 순환 산책로는 넉넉잡아 한 시간 가량 소요된다. 출발점으로 돌아오지 않고 동해남부선 철길을 따라가면 청사포, 송정해수욕장까지 닿을 수 있다. 달빛 산책길이라는 이름에 맞게 일몰 후 밤 11시까지 그리고 새벽 5시부터 해가 뜰 때까지 불을 밝힌다.문탠로드의 또다른 매력은 숲속 산책길을 걷고 있지만 옆으로는 푸른 바다가 끝없이 펼쳐진다는 것이다. 걷는 중간중간 전망대로 나가 마주하는 부산 앞바다가 쌓였던 스트레스를 한방에 날려준다. 복잡한 머릿속을 씻어주는 파도 소리 들으며 조용히 눈을 감아보자. 솔향기 사이로 불어오는 바닷바람과 은은한 달빛 산책.북적이는 해운대의 도심만 기억한다면 확실히 다른 해운대의 숨은 매력을 만나 볼 차례이다."
"284","동백해안산책로","도보여행","35.151962","129.15263","동백해안산책로","바다와 산, 그리고 부산을 걷다","부산을 담은 동백해안산책로","도시철도 2호선 동백역 1번 출구 도보 20분버스 139, 307, 1003, 동백섬입구 하차부산시티투어버스 부산역(레드라인) → 해운대해수욕장 하차주차 동백공원 공영주차장","장애인 화장실, 장애인 주차구역, 휠체어 접근 가능, 누리마루 APEC하우스 내 휠체어 대여 가능, 점자블록","https://www.visitbusan.net/uploadImgs/files/cntnts/20191225173711840_ttiel","https://www.visitbusan.net/uploadImgs/files/cntnts/20191225173711840_thumbL","해운대해수욕장에서 탁 트인 바다를 바라보며 사색에 잠겨 걷다 보면 백사장 끝자락에 아담하게 자리하고 있는 동백섬에 다다르게 된다. 원래는 섬이었던 이곳은 오랜 세월 퇴적작용으로 육지와 연결되었지만 부산 사람들에겐 여전히 동백섬으로 불리고 있다.동백섬의 자연을 그대로 담아 공원으로 조성한 동백 공원은 우거진 해송이 아름다운 곳이다. 동백섬 둘레를 따라 난 해안산책로는 950m 정도로 긴 편은 아니지만, 조용히 산책하며 하루의 일과를 정리하기에는 더없이 좋은 공간이다.첫 번째 전망데크를 지나 조금만 걷다보면 바위 외로운 동상 하나가 눈에 들어온다. 삼국유사에 기록된 황옥공주의 설화를 바탕으로 제작된 인어상이다. 바다 건너 먼 곳으로 시집 간 황옥공주는 고국을 잊지 못해 보름달이 뜨는 밤바다를 보며 슬픈 마음을 달랬다고 한다.이 동상은 1974년 처음 설치되었으나, 1987년 태풍으로 인해 유실되어 현재 상체 부분은 부산박물관에 보관되어 있다. 지금의 청동인어상은 1989년 새로이 제작된 것이다.이어지는 바닷길을 따라가면 출렁다리가 눈앞에 나타난다. 일부 구간에는 아래를 볼 수 있게 되어 있지만, 다리가 비교적 짧고 높은 곳에 있지 않아 고소공포증이 있거나 높은 곳을 무서워하는 어린이라도 무난하게 지날 수 있다.해안산책로는 넓은 전망대와 함께 하얀 등대로 이어진다. 전망대에서 바다를 바라보면 누리마루 APEC하우스와 광안대교를 동시에 조망할 수 있다. 조금 더 왼쪽으로 시선을 돌리면 오륙도까지 볼 수 있어서 부산바다를 한눈에 구경하기에 더없이 좋은 장소다.누리마루 APEC 하우스는 2005년 부산 APEC 정상 회의를 했던 장소이다. 본회의장에 둥글게 배치된 아시아?태평양 정상들의 의자를 비롯하여 당시 제공된 식사와 기념품 등을 관람할 수 있다. 해운대 절경과 완벽하게 어울리는 현대적인 외관은 세계에서 가장 이색적인 국제 회의장으로 손색이 없다.바다와 숲, 있는 그대로의 자연을 느낄 수 있는 동백섬. 해안선을 따라 걷는 낭만은 물론 부산을 대표하는 상징적 건축물을 한눈에 볼 수 있는 조망까지. 동백 해안산책로는 이미 해운대여행의 필수코스다."
"303","피란수도길","도보여행","35.103672","129.01738","피란수도길","피란민들의 애환이 담긴 임시수도 부산을 만나다","-","-","-","https://www.visitbusan.net/uploadImgs/files/cntnts/20200123184924352_ttiel","https://www.visitbusan.net/uploadImgs/files/cntnts/20200123184924352_thumbL","1950년 6월 25일 새벽, 기습남침으로 시작된 전쟁. 대비가 부족했던 남한은 전쟁 3일 만에 수도 서울을 빼앗긴다. 후퇴의 후퇴를 하던 남한 정부는 1950년 8월 18일, 부산을 피란수도로 삼는다. 그로부터 70년 가까운 시간이 흘렀지만 부산에는 관련 흔적이 곳곳에 남아있다. 역사와 애환이 담긴 그 흔적을 따라가 보자.<p class=""font-size28 colorDarkBlue medium"">피란수도길</p><p class=""font-size20 medium"">비석문화마을 - 구름이 쉬어가는 전망대 - 최민식 갤러리 - 기찻집예술체험장 - 임시수도기념관 - 석당박물관</p>부산 서구 아미동에는 피란민의 생활을 엿볼 수 있는 아미동 비석문화마을이 있다. 전쟁을 피해 무작정 부산에 온 피란민이 정착한 산기슭. 그곳엔 일제강점기에 일본인들이 만든 공동묘지가 자리한 곳이었다. 집 지을 자재조차 구하기 힘들었던 시절, 사람들은 비바람을 피해야 했기에 묘지마다 세워진 비석을 재료삼아 무덤 위에 집을 짓고 살았다. 현재 비석문화마을 골목마다 그 흔적이 고스란히 남아 있다.비석문화마을에서 도보로 3분 정도면 ‘구름이 쉬어가는 전망대’에 닿을 수 있다. 이곳에선 아미동 일대 산복도로 모습이 한눈에 들어온다. 제대로 된 터도 없이 산비탈을 따라 집을 짓고 산 피란민들. 한 사람도 지나가기 힘든 골목을 따라 다닥다닥 어깨를 맞댄 집들을 보고 있으면 고단한 피란민의 얼굴이 어른거리는 듯하다.전망대 바로 아랫동네, 피란민의 삶을 생생히 증거하고 있는 최민식 갤러리는 반드시 방문해야 할 장소다. 최민식은 대한민국 1세대 다큐멘터리 사진가로 주로 부산에서 활동하며 서민들의 삶을 가감 없이 카메라에 담은 것으로 유명하다. 이 갤러리에선 물건을 파는 자갈치 아지매, 검댕이가 묻은 얼굴로 해맑게 웃는 아이 등 전쟁 직후 부산의 모습이 담긴 사진을 만날 수 있다. 오래된 사진들을 조용히 바라보고 있으면, 마치 그 시절 고단하고 팍팍했지만 그래도 희망이 있기에 하루하루를 견뎌야 했던 피란민을 마주 보는 것만 같다.최민식 갤러리 옆 기찻집예술체험장도 가봐야 할 장소다. 기찻집이란 단어는 단칸방을 기차 칸처럼 다시 쪼개 여러 사람이 살았다는 의미로 붙여졌다. 살아야 했기에 좁디좁은 공간을 다시 나눌 수밖에 없었던 피란민의 옹색한 삶이 그대로 전해지는 공간이다. 지금은 주민들의 모임 공간이자 관광객을 위한 체험장과 쉼터로 사용되고 있다. 기찻집예술체험장에서 능선을 따라 10분 남짓 걸으면 임시수도기념관이 자리해 있다. 임시수도기념관은 부산이 피란수도였던 약 1000일 동안 대통령의 관저로 쓰이던 곳이다. 바로 이승만 전 대통령이 정무를 보던 곳인데 당시 피란민의 삶을 간접적으로 체험할 수 있는 모형 전시관이 있어 아이들 교육의 장으로 알맞다.임시수도기념관에서 동아대학교 쪽으로 걷다보면 석당박물관이 나온다. 과거 임시수도 정부청사로 쓰이던 곳인데 지금은 부산의 역사를 한눈에 보여주는 박물관으로 사용되고 있다. 붉은 벽돌과 기와로 지어진 건물은 부산을 대표하는 근대식 건축물로 일제강점기부터 한국전쟁까지 우리나라 근현대 정치·사회 모습을 고스란히 간직하고 있다.푸른 바다, 마천루와 함께 하는 부산도 좋지만, 대한민국의 근현대사를 관통하고 있는 부산의 역사를 만나고 싶은 당신이라면, 피란수도길을 따라 의미 있는 산책을 해보는 건 어떨까?"
"323","이기대해안산책로","도보여행","35.130497","129.12091","이기대해안산책로","부산 명품 트레킹코스 이기대 해안산책로","아름다운 절경, 가슴 아픈 역사","도시철도 2호선 경성대?부경대역 → 버스 환승 20 22 24 27 39 131마을버스 남구2 남구8주차 이기대 공영주차장(유료)","-","https://www.visitbusan.net/uploadImgs/files/cntnts/20191227094915608_ttiel","https://www.visitbusan.net/uploadImgs/files/cntnts/20191227094915608_thumbL","이기대는 남구 용호동의 장산봉 자락 동쪽 바다, 아름다운 해안 암반의 다른 이름이다.‘이기대(二妓臺)’는 수영의 두 기생이 이곳에 묻혀 있다해 붙여진 이름이다.임진왜란 당시 왜군이 수영성을 함락시킨 뒤 축하 잔치를 열었는데 두 기생이 술 취한 왜장과 함께 물에 떨어져 장렬히 죽음을 맞이했다는 이야기가 전해진다.이기대는 군사작전지역으로 출입이 통제되다 지난 1993년 시민들에게 개방됐다. 지금은 도심에서 보기 힘든 울창한 숲이 조성돼 있고 다양한 야생동물이 서식하는 청정지역으로 관리되고 있다. 깨끗한 수질 덕분에 부산에서 손꼽히는 낚시터이기도 하다.이기대는 해안가 일대 아름다운 풍광을 즐길 수 있는 산책로가 잘 조성돼 있어 일찍이 시민들의 사랑을 받아온 곳이다. 순환도로와 오륙도로 이어지는 산책로를 걷다보면 부산의 랜드마크를 다른 각도에서 즐길 수 있다.이기대해안산책로는 남구 트레킹 코스 중 하나로 동생말~어울마당~농바위~오륙도선착장으로 이어지며 총 길이는 4.7km다(소요시간 약 2시간 30분). 본격 트레킹은 이기대 더뷰 아래편에서 시작되고 해안절벽을 따라 드라마틱한 풍경이 이어지는데 바다 건너 광안대교, 부산요트계류장, 마린시티, 동백섬, 누리마루 APEC하우스, 해운대해수욕장 등을 조망할 수 있다.이기대해안산책로는 부산을 대표하는 갈맷길과 해파랑길(오륙도~고성)의 한 부분이어서 걷는 내내 여러 이정표를 만나게 된다.동생말을 지나 구름다리 위를 걷다보면 어울마당으로 걸음이 닿는다. 이곳은 대표 해맞이 명소이자 영화 ＜해운대＞ 촬영지로 많은 관광객이 쉬어가는 장소다.해안가를 따라 걷다보면 해안절벽과 파식대지의 풍광이 이색적인데 이곳은 부산국가지질공원지역으로 해식동굴, 돌개구멍(마린포트홀) 등 지질유산이 즐비하다. 기이한 모습을 하고 있는 바위들은 그 모양에 따라 하나씩 이름이 붙어 있는데 생김새와 이름을 하나하나 맞춰 가는 재미가 있다.산길을 통해 언덕을 넘으면 어느덧 오륙도 해맞이공원이다. 일출과 일몰을 동시에 감상할 수 있는 명소로 유리 바닥으로 된 스카이워크가 설치돼 있어 짜릿한 경험을 하게 해준다.이기대 해안산책로에서는 어느 곳이든 잠깐 걸음을 멈추고 불어오는 바닷바람을 느낄 수 있다.그러다보면 어느새 걱정은 사라지고 푸른 바다만이 마음에 남는다. 이것이야말로 걷기 좋은 길의 바른 예가 아닐까."
"352","기장해안산책로","도보여행","35.184452","129.2112","기장해안산책로","슬로(slow)부산을 만난다. 기장해안산책로 유명 스폿 따라잡기","-","-","-","https://www.visitbusan.net/uploadImgs/files/cntnts/20191227193422000_ttiel","https://www.visitbusan.net/uploadImgs/files/cntnts/20191227193422000_thumbL","부산의 유명 관광지를 이미 섭렵한 여행자라면, 부산 기장군으로 떠나보는 건 어떨까? 새로운 부산 바다의 매력을 느낄 수 있는 곳, 기장 해안산책로를 소개한다!<p class=""font-size28 colorDarkBlue medium"">추천코스</p><p class=""font-size20 medium"">공수마을 ? 해동용궁사 ? 국립수산과학관 ? 아난티코브 ?오랑대공원 - 연화리 - 대변항</p>작고 아름다운 포구 공수마을은 말발굽 모양을 닮은 한적한 해안마을이다. 아담한 어촌이지만 그 유명한 기장미역 생산지이기에 봄이 되면 갓 채취한 미역을 말리는 진풍경을 만나볼 수 있다. 방파제의 빨간 등대를 마주하고 툭 튀어나온 암석 위 소나무언덕이 묘한 절경을 연출한다. 마을과 이어지는 갯바위는 강태공과 바다새의 천국이다.해송과 대숲이 이어지는 오솔길을 따라 해동용궁사로 발길을 재촉한다. 바다 절경을 즐기기엔 해동용궁사만한 곳이 없다. 에메랄드빛 바다가 앞마당인 사찰이 과연 몇이나 있을까. 한 가지 소원은 꼭 들어준다는 전설까지 내려온다 하니 더욱 지나칠 수 없다. 경건한 마음으로 소원 하나 빌고 수산과학관으로 이어지는 산책로로 들어선다.바다와 가장 가까이 자리하고 있는 수산과학관. 해양수산에 대한 지식도 쌓고 미래 해양기술에 관한 정보를 살펴볼 수 있다. 무엇보다 수산과학관 전망대에 올라 바라보는 전경이 끝내주는 곳이다. 기장해안산책로를 걷는 뚜벅이들에게 훌륭한 휴식처가 되어 준다.힐튼부산 아난티코브가 기장에 왔다. 기장 앞바다를 한눈에 볼 수 있는 전망 좋은 곳에 자리한 이곳은 호텔인 듯, 호텔 아닌, 호텔 같은 마을이다. 그래서 아난티코브 타운이라 이름 지었나. 숙박 뿐 아니라 문화향유와 여가생활을 타운 내에서 즐길 수 있다. 슬슬 배고파오는 시간에 방문하면 딱인 곳.기장의 어촌마을은 하나같이 작고 귀엽다. 동암포구를 지나쳐 오랑대공원에 이른다. 솟아오른 기암괴석 꼭대기에 어부들의 안전한 뱃길을 염원하는 제단인 용왕단이 자리해 이색적인 풍광을 자아낸다. 울퉁불퉁 바위길에 조심스럽게 발을 디디며 용왕단까지 오르면 갯바위에 부딪히는 파도소리가 더욱 가까이 들린다.이어지던 해안길이 어느 새 끝이 나고 내륙으로 잠시 연결된다. 멀리서 바라보는 마징가Z와 태권V 등대가 너무 깜찍하다. 이 등대를 지나면 연화리가 가까워졌다는 것이다. 기장 연화리는 싱싱한 해산물 산지로 유명한 곳이다. 해녀들이 직접 따 올린 살아있는 해산물과 따끈한 전복죽은 어느 새 연화리의 필수코스가 되었다.전국구로 유명한 기장 멸치와 기장 미역이 여기 대변항 출신이다. 봄이면 어부들의 멸치털이를 확실히 보여주는 멸치축제가 열린다. 조업을 끝낸 배들이 정박해 있는 조용한 항구를 여유롭게 걷는다. 양쪽으로 늘어선 천막은 모두 멸치, 멸치젓, 그리고 미역이 대세다. 멀리까지 왔으니 한 봉지는 손에 들려야 제 맛, 멸치냐 미역이냐 그것이 문제로다.부산 도심을 스피디하게 즐기는 여행도 좋지만 바다를 벗 삼아 올망졸망 걸으며 슬로(slow)부산을 제대로 느낄 수 있기를. 이번에는 기장해안산책로 도~전!"
"356","화지산 치유숲길","도보여행","35.183876","129.06126","화지산 치유숲길","걷는 곳곳 힐링, 나무와 함께 하는 화지산 치유숲길","-","-","-","https://www.visitbusan.net/uploadImgs/files/cntnts/20191227200242053_ttiel","https://www.visitbusan.net/uploadImgs/files/cntnts/20191227200242053_thumbL","어린이대공원에서 출발하여 화지산 치유숲을 거쳐 부산 시민공원까지, 초록의 자연을 눈에 담으며 몸과 마음을 가다듬는 트레킹에 나선다.화지산과 이어진 백양산 자락에 위치한 어린이대공원은 성지곡 수원지를 중심으로 싱그러움 가득한 자연림을 만끽할 수 있는 곳이다. 다양한 종의 크고 작은 수목들이 빽빽이 들어차 있다. 울창하게 자란 수목들 덕에 마치 이곳은 부산의 도심이 아닌 것 같다. 강원도 깊은 산자락 어디쯤을 걷고 있는 기분을 느끼며 본격적으로 탐방을 시작한다.어린이대공원에서 화지산을 향해 걷는 길은 평평한 흙길의 연속이다. 빼곡한 송림 사이로 편안한 차림의 등산객들이 제법 보인다. 사실, 화지산은 등산을 목적으로 오르는 산이라기보다 뒷동산에 더 가까운 모습이다. 그 덕에 누구나 쉽게 산에 오르며 치유숲을 즐길 수 있는 곳이다. 초록이 우거진 숲길 걸으며 상쾌한 공기를 한껏 들이마신다. 벌써 치유가 시작된 걸까. 발걸음이 점점 가벼워지는 듯하다.화지산 정상으로 오르는 방향으로 접어들자 이리 저리 휜 소나무군락이 멋진 광경을 선사한다. 셀 수 없이 많은 이 소나무들은 언제부터 이렇게 자리했던 것일까. 바람에 실려 오는 솔향기를 음미하며 감사함을 전한다. 여기저기 떨어진 솔방울 하나도 조심조심 비켜가니 곧 정상을 알리는 표지석이 보인다.정상을 찍었으니 이제 내려갈 차례다. 부산시민공원으로 가는 길을 보여주는 이정표가 반갑다. 얼마 지나지 않아 피톤치드향 가득한 편백숲을 만난다. 이 곳에서는 쭉 뻗어 올라간 나무 사이로 불어오는 바람이 시원해 점점 더 느리게 걷게 된다. 아예 자리를 잡고 잠시 쉬어가도 좋겠다. 시민공원이 더욱 가까워진 곳에서 천연기념물 배롱나무를 본다. 뜨거운 여름날에 꽃을 피우기 시작해 백일 동안을 화려하게 지내는 배롱나무. 꽃이 필 무렵 다시 오자 약속하고 발걸음을 옮긴다.화지산에서 부산시민공원으로 이어지는 다리로 접어든다. 일명 에코브릿지. 낮에는 사람이, 밤에는 동물이 이동하는 생태통로이다. 사람과 동물의 평화로운 공존을 위해 노력하는 다리로구나.에코브릿지를 통해 도착한 부산시민공원은 일제강점기와 미군주둔기를 지나 100년 만에 시민들에게 돌아온 땅으로 의미가 크다. 공원 정중앙 광활한 잔디광장을 중심으로 자연, 문화, 놀이가 한데 어울린 테마형 공원으로 치유트레킹의 마지막을 장식한다. 공원을 가로지르는 전포천을 거닐며 마음에 여유를 충전한다. 메타세과이어 길, 플라타너스 숲길, 동백나무 미로정원이 눈을 맑게 해준다. 대형분수에서 쏟아지는 시원한 물줄기가 조금 남았을지 모를 피로감을 날려버린다. 푸른 잔디 위에서 뛰어노는 아이들의 맑은 웃음소리가 귓가를 간질거린다.이 즐거운 공간이 100년 동안이나 우리 땅이 아니었다니. 지난 역사는 아픔을 간직하고 있지만 우리가 그 기억을 지우지만 않는다면 오욕의 역사도 치유될 수 있지 않을까. 나무 그늘아래 한 자리 하니 몸과 마음에 평화가 깃든다."
"357","황령산둘레길","도보여행","35.157383","129.0819","황령산둘레길","부산 도심 속 산책 코스 추천, 황령산둘레길","-","-","-","https://www.visitbusan.net/uploadImgs/files/cntnts/20191227201032810_ttiel","https://www.visitbusan.net/uploadImgs/files/cntnts/20191227201032810_thumbL","황령산 허리를 따라 전체 구간을 한 바퀴 도는 자연길, 도심 속에서 삼림욕을 즐길 수 있는 훌륭한 코스다. 부산의 4개구를 접하고 있어 종주에 걸리는 시간은 아무래도 5~6시간이 걸린다. 종주가 힘들다면 구별 구간을 나눠서 진행하면 된다. 둘레길이 거미줄처럼 서로 연결되어 있어 구간별 트레킹도 어렵지 않다.단일 구간 트레킹 코스로는 수영구국민체육센터에서 금련산 청소년수련원을 거쳐 황령산 봉수대에 올랐다가 원점으로 회귀하는 코스를 가장 많이 이용한다. 트레킹 초보자도 2시간이면 충분하다. 초반에 오르막으로 시작하는 단점도 있지만 둘레길이 잘 조성되어 있어 걷기에 무리가 없다.수영구국민체육센터를 출발해 얼마 지나지 않아 나오는 나무계단길, 여기서부터 숲의 안온함으로 바뀐다. 도심의 소음이 차단된 숲은 고요하고 평화롭다. 잔바람은 나무 가지 사이를 오가며 숲의 이야기를 들려준다.꿋꿋하게 황령산 중턱 청소년수련원까지 왔다면 자연은 어김없이 황홀한 보상을 안겨준다. 황령산 둘레길 중 광안대교 전경을 가장 가까이에서 볼 수 있는 곳에 조그만 전망대가 자리하고 있다. 계단 오르막을 힘겹게 올라온 보람을 느낄 수 있다.이제는 평탄한 길 위에서 자연을 벗 삼아 명상에 잠기 듯 걷는다. 청소년수련원을 빠져나와 길을 건너면 대여섯이 함께 걸어도 충분한 넓은 길이 펼쳐진다. 한동안은 오르막 걱정이 없겠다. 흙길 위에 깔린 자갈이 발에 걸려 달그락거리는 소리가 도보의 지루함을 견디게 한다.둘레길이 조금 심심하다 싶을 때 즈음 눈이 휘둥그레진다. 길 양옆으로 이어진 울창한 편백나무 숲은 마치 피톤치드 샤워장이라 해도 무방할 듯하다. 황령산에 이렇게 편백나무가 많단 말인가. 시원하게 하늘 위로 뻗은 나무 사이, 흙길을 걸으며 힐링 삼매경에 빠진다. 공기 중에 가득한 피톤치드가 온몸을 상쾌하게 해준다.새로운 이정표가 여행자를 반긴다. 여기는 바람고개로구나. 지나온 금련산 청소년수련원 표지도 보인다. 결정의 순간이 다가왔다. 황령산의 정상 봉수대로 오르는 것이 엄두가 나지 않는다면 여기서 경성대?남구도서관 방향으로 하산한다. 하지만 봉수대에 오르지 않는다면 황령산에 왔다 말할 수 없는 것. 과감하게 방향을 봉수대 쪽으로 잡아보자.황령산 정상으로 이어지는 초입도 온통 편백나무 숲이다. 시원하게 불어오는 산바람이 등산의 고단함을 씻어주는 구간이다. 편백나무 구간을 벗어나면 가파른 오르막이 20여분 이어지는 힘든 코스를 견뎌야 한다. 참는 자에게 복이 온다고 했던가, 어느 덧 봉수대에 올라있는 자신을 발견하게 된다. 손끝에 닿을 것만 같은 하늘과 눈 아래 펼쳐지는 도심 전경을 바라보며 이렇게 높이 올라온 것인가 새삼 뿌듯해진다.봉수대에서 그리 멀지 않은 곳에 황령산 정상 표지석이 있다. 그곳에선 부산이 온통 내려다만 보인다. 바다와 산 그리고 도심이 하나로 어우러진 아름다운 부산을 눈으로 확인한 사람만이 그 풍광을 가슴에 오래오래 새길 수 있다."
"398","갈맷길 1,2,3코스","도보여행","35.31896","129.26447","갈맷길 1. 2, 3코스","멋진 바다풍경과 함께 걷는 갈맷길","갈맷길 1, 2, 3코스","-","-","https://www.visitbusan.net/uploadImgs/files/cntnts/20191230183444234_ttiel","https://www.visitbusan.net/uploadImgs/files/cntnts/20191230183444234_thumbL","부산의 매력인 바다와 강, 산과 온천을 모두 담고 있는 갈맷길은 경치뿐만 아니라, 걷다보면 부산의 역사와 문화, 축제까지 만나게 되는 기분 좋은 길이다. 부산의 지형에 맞게 크게 해안길, 숲길, 강변길, 도심길로 구분된 총 9개의 코스를 내딛다보면 부산의 속살 구석구석을 만날 수 있다. <p class=""font-size28 colorDarkBlue medium"">1코스</p><p class=""font-size20 medium"">1-1구간 12.2km / 4시간 : 임랑해수욕장 ~ 기장군청<br>1-2구간 21.4km / 6시간 : 기장군청 ~ 문탠로드</p><p class=""font-size28 colorDarkBlue medium"">2코스</p><p class=""font-size20 medium"">2-1구간 5.7km / 2시간 : 문탠로드 ~ 민락교<br>2-2구간 12.6km / 4시간 : 민락교 ~ 오륙도 유람선선착장</p><p class=""font-size28 colorDarkBlue medium"">3코스</p><p class=""font-size20 medium"">3-1구간 11.5km / 4시간 : 오륙도 유람선선착장 ~ 부산진시장<br>3-2구간 15.8km / 5시간 : 부산진시장 ~ 남항대교<br>3-3구간 13.7 km / 5시간 : 남항대교 ~ 동삼혁신지구</p>갈맷길 1코스는 임랑해수욕장에서 문탠로드에 이르는 총 33.6킬로미터의 코스이다. 동해바다를 끼고 걷게 되는 코스인 만큼 바다 풍경이 가장 멋진 코스라고 할 수 있다.1코스의 초반을 알리는 일광해수욕장은 해안선이 둥글게 말려있는 모습이 꼭 초승달 같은 곳이다. 조용하고 한적한 해수욕장이지만, 웬만한 편의시설은 모두 갖추고 있어 쉬어가기 좋은 해수욕장이다. 파도가 잔잔해 안전한 물놀이를 즐기기에도 적당하다.문탠로드는 예로부터 달빛이 아름답기로 유명했던 달맞이언덕 밑 오솔길이다. 낮에 찾아도 밤에 찾아도 좋은 이곳은 화려한 이미지로 떠올려지는 해운대와는 달리 소박한 숲길을 따라 내려다보이는 바다와 함께 가볍게 걸어보기 참 좋은 곳이다.부산의 가장 대표적인 해수욕장인 해운대와 광안리를 거치는 코스인 갈맷길 2코스는 문탠로드에서 오륙도 유람선 선착장까지 총 18.3킬로미터의 코스이다.무슨 수식어가 더 필요할까. 부산을 넘어 대한민국 대표 해수욕장인 해운대 해수욕장을 거쳐 맞닿아있는 동백섬까지 걸어 가본다. 이국적인 야경으로 널리 알려진 마린시티와 더베이101도 걷다보면 만날 수 있다.광안대교가 보이기 시작하면 광안리 해수욕장에 다 왔다는 뜻이다. 광안리 해수욕장 옆으로는 젊은이들의 핫플레이스인 민락수변공원과, 봄이 되면 끝없는 벚꽃터널을 선사해주는 남천동 벚꽃거리를 지나, 해운대와 광안대교를 한 시야에 담을 수 있는 이기대의 동생말 전망대에 서서 넓은 바다를 조망한다.오륙도 유람선선착장에서 동삼혁신지구입구까지 총 41킬로미터를 잇는 갈맷길 3코스는 부산에만 있는 것을 많이 만나볼 수 있는 코스이다.세계유일의 유엔군 묘지가 있는 유엔기념공원은 정갈하고 단정한 모습으로 우리를 기다리고 있다. 이역만리 먼 나라를 도와 목숨을 바친 분들에 대한 감사함이 절로 느껴진다.동명의 영화로 전국구로 유명해진 국제시장은 ‘이런 것 까지 있어?’ 싶은 물건들까지 모두 볼 수 있다. 영화와는 달리 깔끔하게 새 단장한 모습이지만 전통시장답게 와글와글, 시끌벅적한 것은 매한가지다.바다에 거대한 배들이 점점이 떠있는 이국적인 바다 풍경은 바로 영도 절영해안로에서 만나볼 수 있다. 영화 ‘변호인’ 촬영지로 유명해진 흰여울문화마을 바로 밑에서 태종대까지 이어지는 절영해안로는 투박한 해안선을 따라 걷는 진정한 해안트레킹의 성지이다. 영도의 끝에서 만나게 되는 태종대에서 기암괴석과 망망대해의 정수를 느끼며 갈맷길의 여정을 잠시 쉬어간다."
"423","기장 불광산숲길","도보여행","35.37484","129.23106","기장 불광산숲길","아름다운 오색 빛깔 기장 불광산숲길","산과 계곡, 암자와 사찰 그리고 대나무숲 까지 함께 누리는","마을버스 기장9 상장안 하차 도보 약 17분(장안사)주차 장안사 주차장","-","https://www.visitbusan.net/uploadImgs/files/cntnts/20191231085804357_ttiel","https://www.visitbusan.net/uploadImgs/files/cntnts/20191231085804357_thumbL","활엽수가 가득해 울창한 느낌을 주는 기장의 명산 불광산. 고즈넉한 이 산에는 원효대사가 창건했다고 알려진 유서 깊은 사찰 장안사와 척판암이 자리 잡고 있다. 경견하게 마음을 씻어 내며 사찰의 아름다움을 감상할 수 있는, 그리고 불광산의 오색빛깔을 온 몸으로 느낄 수 있는 불광산 숲길을 함께 걸어보자.불광산 숲길은 장안사 주차장이 출발이다. 시작부터 울창한 나무와 멋들어지게 드러난 바위들이 여행자를 반긴다. 높다란 참나무들은 하늘을 찌를 기세다. 길게 늘어선 나무들은 녹음의 터널을 만들며 사람들을 호위하는 듯하다. 햇빛 한 조각 비집고 들어올 수 없을 만큼 빽빽한 숲의 공기는 맑고 청량하다.울긋불긋 물들어가는 불광산의 숲길은 계곡을 따라 계속 이어진다. 계곡은 길을 따라 연하게 휘어 돌아가는 데 거기서 들려오는 물소리는 그 자체로 안정이자 치유다. 소담한 계곡과 바위 그리고 그 위를 덮고 있는 나무들이 이상적 조화를 이루고 있는 불광산은 넓은 어머니의 품처럼 편안하다.색깔옷을 입은 나무와 계곡의 물소리에 젖어 길을 걸어 나간다. 금세 불광산과 장안사 갈림길 표지판이 보인다. 불광산 쪽으로 나 있는 오르막을 오르면 더욱 울창한 숲길이 나타난다. 돌계단도 넘고, 흙길도 걷다보면 내려가는 길에 작은 오솔길이 보인다. 바로 척판암 가는 길이다. 척판암은 산비탈 끝에 자리 잡고 있어 탁 트인 전망이 일품인 곳이다. 눈앞을 가득 채우는 푸른 하늘과 고운 선을 그리며 이어지는 불광산 능선이 마음을 편안하게 만든다. 한 눈에 다 들어오지 않을 만큼 큼직하고 든든한 수호목이 지키고 있는 척판암에서 한동안 시간을 보내 본다.하산길은 다시 장안사로 방향을 잡는다. 불광산 밑자락에서 1,300여 년의 시간을 견딘 고찰 장안사에 들러야하기 때문이다. 병풍같이 둘러싸여 있는 불광산과 하나처럼 느껴질 정도로 뛰어난 조화미를 뽐내는 장안사의 그림 같은 가을 풍경은 보는 이로 하여금 감동을 자아낸다. 어디 그뿐인가 장안사의 알록달록한 단청과 묵직한 색감의 기와지붕 그리고 빛바랜 건물 기둥이 만들어 놓은 여유 있는 분위기는 불광산 트레킹에 잊지 못할 여운을 남긴다.소박하면서도 안정적 조화가 매력적인 장안사 경내를 거닐어 본다. 바람이 분다. 대나무가지가 흔들리며 시원한 소리를 쏟아 낸다. 그 소리에 이끌려 발걸음을 옮긴다. 가만 보니 경내는 온통 대나무 천지다. 그렇게 마치 다른 세상으로 들어가는 통로 같은 느낌의 ‘원효 이야기 숲’을 거닐어본다. 양 옆의 대나무 말고는 아무 것도 보이지 않는 이 공간은 마치 외부와 완전히 차단된 또 하나의 세상 같다.산과 계곡, 오랜 시간을 함께한 암자와 사찰 그리고 대나무숲길까지 한 곳에서 누릴 수 있는 곳이 과연 얼마나 있을까? 기장 불광산에서 푸른 자연을 만끽해 보자."
"424","일광산테마길 (테마임도)","도보여행","35.25787","129.20975","일광산테마길 (테마임도)","자박자박 곱게 깔린 자갈길, 일광산테마길","산길이 아닌 평지를 길게 걷고 싶다면 이곳으로","버스 183, 188, 36, 187, 기장군11 이진아파트 하차 도보 이동주차 일광산테마임도 주차장","-","https://www.visitbusan.net/uploadImgs/files/cntnts/20191231090835011_ttiel","https://www.visitbusan.net/uploadImgs/files/cntnts/20191231090835011_thumbL","가파른 오르막이 없어서 가볍게 걷기 좋은 산 일광산. 그래서 트레킹 코스인 일광산테마길과 산악자전거코스가 조성되어 있기도 하다. 차량운행이 통제된 길이라 편안하게 걷기에만 집중할 수 있는 일광산테마길은 낙엽과 단풍이 아름다운 가을이면 더욱 걷기 좋다. 곱게 깔린 산책로를 따라 가벼운 발걸음으로 나서보자.큼직한 테마임도 표지석과 함께 일광산테마길은 시작된다. 백운산까지 트레킹 숲길이라는 이름으로 연결 돼있는 일광산테마길은 모두 걸어간다면 7시간이 넘게 걸린다. 하지만 꼭 다 걸을 필요는 없는 법. 이번엔 가볍게 돌아볼 수 있는 곡수정까지만 걸어보기로 한다.관리초소 역할을 하는 정자, 만화정을 너머 곱게 정돈된 넓고 곧은 산책로가 펼쳐져있다. 발밑에 밟히는 자갈의 자박거림이 기분 좋은 이 길을 따라 발을 내딛는다. 길 양쪽으로 다양한 식물이 군락을 이루고 있어 걷는 내내 각기 다른 이름의 식물을 구경하는 재미가 있는 곳이다.‘헛둘헛둘마당’ 이라는 귀여운 이름을 가진 돌샘체육공원이 보인다. 흔히 볼 수 있는 다양한 운동기구가 가득한 이곳을 지나면 ‘태교의 숲’ 현판이 보인다. 맑고 깨끗한 숲속 공기는 태아뿐 아니라 모든 사람에게 건강한 기운을 전해준다. 숲 한가운데 넓은 정자와 그 주위로 벤치가 있으니 한 자리 차지하고 여유롭게 숲의 정기를 한껏 받아보자,자박하게 이어진 길을 따라 걷다보면 작은 연못 ‘일광샘’도 보이고, 일광산테마길이 2002년 부산 아시안게임 산악자전거 경기장이었음을 알려주는 산악자전거 경기코스 표지판도 보인다. 숲길 임도를 따라 조금씩 바뀌는 주변 풍경이 일광산테마길의 가장 큰 매력이다. 산 속 같다가도 공원 같고, 또 옆을 씽씽 달려 나가는 산악자전거를 보면 자전거 경기장 같기도 하다. 덕분에 걷기가 지루하지가 않다. 다만 자전거가 지나갈 때는 항상 안전에 조심하도록 하자.중간 중간 쉬어갈 곳이 많은 점도 일광산테마길의 장점 중 하나다. 산책로 언덕배기에 자리한 모연정으로 올라가본다. 싱그러운 초록의 나무들이 둘러싼 모연정은 편안한 산림욕을 즐기기에 알맞은 정자 같다. 계속 이어지는 아름다운 숲길이 트레킹에 청량감을 더한다.계곡물이 굽이쳐 흐르는 곳에 있었다는 곡수정, 지금은 아담한 연못과 개울이 오래된 정자를 비추고 있다. 아름다운 주변 풍경 즐기며 새소리, 물소리에 귀를 기울이면 세상 소음은 사라지고 깨어있는 숲의 이야기가 들려오는 듯하다.일광산테마길은 빠르게 걸어서 정복하는 길이 아니라 걷기를 즐기며 느림의 미학을 추구하는 길이다. 천천히 발걸음을 옮기며 양 옆 가득 이름 모를 나무와 꽃, 풀들과 인사하는 사이 어느 덧 저만큼 멀어진 도심을 확인하게 되는 길인 것이다."
"452","남파랑길 부산구간 1~5코스","도보여행","35.102196","129.12335","남파랑길 부산구간","남파랑길 부산구간 1~5코스","-","-","-","https://www.visitbusan.net/uploadImgs/files/cntnts/20191231185655593_ttiel","https://www.visitbusan.net/uploadImgs/files/cntnts/20191231185655593_thumbL","부산 오륙도에서 전남 해남 땅끝마을까지 이어지는 남파랑길은 총길이 1,463km로 남해안 장거리 탐방로이다. 이 중 부산의 자연과 도심을 가로지르는 남파랑길 부산구간에서는 바닷길과 숲길, 강길과 도심길 그리고 마을길로 이어지는 아름다운 부산의 길을 만나볼 수 있다.<p class=""font-size28 colorDarkBlue medium"">남파랑길 부산구간</p><p class=""font-size20 colorDarkBlue medium"">1코스(23.2km)</p><p class=""font-size20 medium"">오륙도해맞이공원 - 신선대 - 웹툰이바구길 -유치환우체통 - 초량이바구길 - 상해거리></p><p class=""font-size20 colorDarkBlue medium"">2코스(19.5km)</p><p class=""font-size20 medium"">태종대 - 감지해변 - 절영해안산책로 - 깡깡이예술마을 - 영도대교 - 자갈치시장</p><p class=""font-size20 colorDarkBlue medium"">3코스(17.1km)</p><p class=""font-size20 medium"">송도해수욕장 - 송도해안볼레길 - 암남공원</p><p class=""font-size20 colorDarkBlue medium"">4코스(21.0km)</p><p class=""font-size20 medium"">몰운대 - 다대포해수욕장 - 고우니생태길 - 장림포구</p><p class=""font-size20 colorDarkBlue medium"">5코스(18.7km)</p><p class=""font-size20 medium"">을숙도 - 명지오션시티 - 신호공원 - 신호항</p>남파랑길 부산구간 제 1코스는 깎아지는 해안절벽과 바다에 줄지어 서있는 오륙도를 한 눈에 담을 수 있는 ‘오륙도 해맞이공원’부터 시작한다. 항구의 컨테이너 박스가 레고 블록처럼 내려다보이는 ‘신선대’를 지나 다양한 만화 캐릭터를 만날 수 있는 ‘웹툰이바구길’에 이른다. 계단 사이로 낯익은 소 그림이 보인다면 부산에서 마지막 시간을 보낸 화가 이중섭을 기리는 ‘이중섭 거리’에 닿았다는 뜻이다. 산복도로 중간에서 만나는 신사와 빨간 우체통, 편지를 우체통에 넣으면 1년 후에 도착하는 ‘유치환우체통’이다. 산복도로에서 바라보이는 부산항과 영도바다가 아름다운 곳이다. 모노레일이 깜직한 ‘168계단’을 내려와 이어지는 길에 고소한 만두냄새가 여행자를 유혹한다. 홍등이 고운 부산 속 작은 중국 ‘상해거리’에 도착한다.제 2코스는 영도를 관통한다. 천혜의 자연 환경 ‘태종대’를 돌아 몽돌자갈이 곱게 깔린 ‘감지해변’을 지난다. 저 멀리 큼직한 배가 둥실둥실 떠있는 영도 바다를 배경으로 인생샷을 건질 수 있는 ‘절영해안산책로’에서 잠시 쉬어가도 좋겠다. 자갈치 시장이 가까워 보일 무렵 영도의 고된 역사를 품은 ‘깡깡이예술마을’이 나타난다. 우리나라의 근대 조선업의 역사를 담은 이 곳을 거쳐 피란민의 사연을 고스란히 간직한 ‘영도다리’를 건넌다.제 3코스의 시작 ‘송도해수욕장.’ 아찔한 바다 위 절경을 선사하는 스카이워크와 케이블카로 다시 태어났다. 구름산책로에서 송도 해변을 가로질러 ‘송도해안볼레길’로 접어들면 해안절벽을 따라 이어진 붉은색 철제계단이 여행자를 부른다. 발을 디딜 때마다 나는 ‘탕탕’ 철소리가 해안에 부서지는 파도소리와 절묘한 조화를 이룬다. 계단은 녹음이 우거진 ‘암남공원’까지 이어진다.제 4코스는 넓고 고운 백사장을 자랑하는 ‘다대포해수욕장’, 그리고 그 해변의 끝에 자리한 ‘몰운대’가 출발점이다. 끝없이 펼쳐진 바다를 한없이 바라보고 있으면 마치 무인도에 온 느낌마저 주는 이곳은 자연이 선사하는 경이로움에 감사의 마음이 절로 이는 곳이기도 하다. ‘고우니생태길’의 갈대소리 들으며 해안산책로로 접어든다. 노을 진 하늘 아래 알록달록 ‘장림포구’가 아름답게 빛나고 있다.제 5코스는 낙동강 사이를 지키는 ‘을숙도’에서 출발한다. 네모반듯하게 자리 잡고 있는 ‘을숙도 낙동강 에코센터’에서 을숙도의 이모저모를 알아볼 수 있으니 이곳을 먼저 들러보자. 을숙도에는 습지부터 분홍분홍한 핑크뮬리, 부산현대미술관까지 볼거리가 가득하다. 을숙도에서 명지오션시티로 이어지는 코스는 신호항에서 마무리된다."
"453","해파랑길 부산구간 1~3코스","도보여행","35.102158","129.12334","해파랑길 부산구간","해파랑길 부산구간","-","-","-","https://www.visitbusan.net/uploadImgs/files/cntnts/20191231190134170_ttiel","https://www.visitbusan.net/uploadImgs/files/cntnts/20191231190134170_thumbL","부산 오륙도해맞이공원에서 강원도 고성 통일전망대에 이르는 770km를 묶은 해파랑길은 10개의 구간, 50개의 여행지로 이루어져 있다. ‘부파랑길’ 이라고 불리는 해파랑길 부산구간은 3구간으로 이루어져 있다. 오륙도부터 해운대까지, 미포부터 기장 대변항까지, 그리고 대변항부터 임랑해수욕장까지 이어지는 ‘부파랑길’로 떠나보자.<p class=""font-size28 colorDarkBlue medium"">해파랑길 부산구간</p><p class=""font-size20 colorDarkBlue medium"">1코스(17.8Km / 6시간)</p><p class=""font-size20 medium"">오륙도해맞이공원 ? 이기대해안산책로 ? 광안리해수욕장 - 동백해안산책로- 미포</p><p class=""font-size20 colorDarkBlue medium"">2코스(16.3 km / 5 hr)</p><p class=""font-size20 medium"">미포 ? 달맞이고개? 문탠로드 ? 청사포 ? 송정해수욕장 ? 해동용궁사 ? 대변항</p><p class=""font-size20 colorDarkBlue medium"">3코스(16.9 km / 6 hr)</p><p class=""font-size20 medium"">대변항 ? 일광해수욕장 ? 칠암항 ? 임랑해수욕장</p>오륙도에서 시작되는 1코스는 한 쪽은 녹음이 가득, 다른 한 쪽은 깎아지는 절벽과 하얀 파도, 파란 바다가 마주하는 ‘이기대 해안산책로’ 로 이어진다. 거친 벼랑을 듣기 좋은 나무 데크 소리로 채우며 걸어 나간다. 부산의 상징 광안대교는 어디서 보느냐에 따라 또 달라 보인다. 발걸음을 옮기며 각도에 따라 달라지는 ‘광안대교’를 눈에 담는다. 걷다보니 다시 해안 벼랑과 나무 데크길을 만나게 된다. 바로 ‘동백섬 해안산책로’이다. 이기대 해안산책로보다 훨씬 평탄한 동백섬 해안산책로를 따라 걷다보면 점점 사람도 많아지고 건물도 많아진다. 그렇게 해운대의 끝자락을 향해 걸어 나가면 1코스는 마무리된다.해운대 해수욕장의 끝을 장식하는 ‘미포’부터 2코스가 시작된다. 화려한 해운대와 대비되는 소박한 포구인 미포를 지나 달맞이 고개로 방향을 잡는다. 소나무향 진한 ‘문탠로드’를 자박자박 걸으며 자연 속 힐링을 경험한다. 달맞이 고개 정상에 자리한 ‘해월정’에 오르면 바다와 숲을 동시에 마주할 수 있다. 달모양의 예쁜 포토존이 여행자의 발걸음을 잠시 쉬어가게 한다. 이어지는 내리막길을 따라 발길을 옮겨보자. 푸른 청사포 바다를 배경으로 더욱 푸르게 뻗어나간 ‘청사포 다릿돌 전망대’ 가 기다리고 있다. 동해바다의 기운을 간직한 ‘송정해수욕장과 죽도공원’, 그리고 바다를 품은 사찰 ‘해동용궁사’가 차례로 이어진다. 바다 위로 솟아오른 바위 위 용왕단의 모습이 기이한 ‘오랑대’가 보인다. 어부들의 안녕을 기원하던 용왕단 주위에는 이름 모를 들꽃들이 만발하고 저만치 가까이 보이는 대변항에서 2코스를 마무리한다.3코스는 멸치로 유명한 대변항부터 시작이다. 대변항에 늘어선 건어물과 횟집을 지나쳐 대변 숲속길로 향한다. 산길을 걷고 마을길도 걷다보면 동그랗게 바다를 둘러싼 모양의 ‘일광해수욕장’ 에 다다른다. 음식점도 많고 카페도 많은 이곳에서 잠시 쉬어가도 좋겠다. 범선 모양으로 바다를 향해 뻗어있는 작은 공원은 바로 ‘신평소공원’이다. 범선의 끝에서 포즈를 취하니 곧 출항하는 것 마냥 가슴이 설렌다. 이윽고 방파제와 함께 등대 3개가 나란히 자리한 ‘칠암항’에 도착한다. 하얀 등대는 자세히 보니 야구방망이 모양에 까만색 헬멧을 쓰고 양 옆으로 야구공과 글러브를 낀 야구등대다. 해파랑길 부산구간 3코스는 다양한 모양의 등대를 만나볼 수 있어 등대코스라고도 불린다. 코스의 마지막은 ‘임랑해수욕장’이다. 평화로운 작은 바닷가 마을 임랑에서 ‘부파랑길’의 여정이 마무리 된다."
"469","구포무장애숲길","도보여행","35.197548","129.00046","구포무장애숲길","함께 즐기는 아름다움, 구포무장애숲길","장애인과 비장애인이 함께 즐기는 숲길","-","장애인 주차구역, 장애인 화장실, 휠체어접근 가능","https://www.visitbusan.net/uploadImgs/files/cntnts/20200101143354286_ttiel","https://www.visitbusan.net/uploadImgs/files/cntnts/20200101143354286_thumbL","구포무장애숲길은 구포 한가운데 솟아 낙동강이 한눈에 내려다보이는 산책로다. 총 코스는 약 2km 정도로 남녀노소 할 것 없이 누구나 쉽게 숲을 즐길 수 있다. 등산을 하고 싶지만 여건상 오르기 어려운 사람에게도 추천할만한 장소이다.2013년 개장한 구포무장애숲길은 이름 그대로 ‘무장애,’ 오르는데 장애가 없는 숲길을 말한다. 즉, 장애인과 노약자, 어린이와 임산부도 쉽게 오를 수 있는 곳이라는 것. 시작점부터 범방산 정상까지 계단 없이 경사로로 조성되어 있다. 숲길은 전철역과도 가까워 접근성이 좋다. 구남역이나 구명역에서 내려 천천히 이동하다 보면 어느새 방문객들을 위해 만들어 놓은 작은 주차장에 도착한다.무장애숲길 입구를 알리는 노란색 조형물을 통과해 본격적으로 산책길에 오른다. 산책로는 누구나 편하게 걸을 수 있는 데크로 만들어졌다. 좌우로 굽어지며 이어지는 산책로는 자칫 심심할 수 있는 걷기여행에 재미를 더해준다. 산책로 양 옆으로는 마치 동화 속에서나 나올 법한 자연풍경이 펼쳐지고, 숲길을 가로지르며 마시는 상쾌한 공기는 산책의 즐거움을 보장한다.걷다가 지치면 중간 중간 마련되어 있는 벤치에 앉아 잠시 쉬어가도 좋다. 의자에 앉아 여유로운 마음으로 주변을 돌아보면 그동안 보이지 않았던 숲 속 생태계를 엿볼 수 있다. 평소 자주 접하지 못했던 나무와 꽃들, 운이 좋다면 숲을 뛰노는 동물도 볼 수 있다.첫 번째 전망대에 이르기 전 깔끔하게 관리된 선강약수터가 눈에 들어오고 그 위로 간단한 운동기구들도 여럿 보인다. 산책 나온 사람들이 오며 가며 자주 이용하는 곳이다. 열심히 기구를 움직이며 운동하는 사람들의 모습은 보는 이들에게도 한 번쯤 해볼까 하는 기분이 들게 한다. 운동을 마치고 시원한 약수 한잔 마시면 운동하느라 메말랐던 갈증이 시원하게 해소될 것만 같다.두 번째 전망대를 지나 정상을 향해 나아간다. 범방산 정상에는 하늘바람전망대가 있다. 전망대는 마치 하늘과 맞닿아 있는 듯 탁 트인 경치를 자랑한다. 유유히 흐르는 낙동강을 중심으로 강서와 구포 일대가 한 눈에 보이는 풍경에 절로 가슴이 뻥 뚫린다. 보아하니 이곳도 아름다운 일몰을 감상할 수 있는 최적의 장소이지 싶다. 나무 기둥에 기와를 얹은 소담한 정자에 앉아 이런저런 감상을 나누는 사람들에게로 지는 해의 아련함이 스민다.유모차나 휠체어를 탄 이들에게 산의 정상이란, 어쩌면 멀게 만 느껴졌을 장소. 그러나 이곳에서만큼은 장애인과 비장애인, 노약자의 경계는 없다. 맑은 공기 마시며 울창한 숲길을 만끽하고자 한다면, 아름다운 낙동강의 풍경을 즐기고 싶다면, 주저 없이 구포무장애숲길로 출발!"
"471","갈맷길 4,5,6코스","도보여행","35.081596","129.03813","갈맷길 4, 5, 6코스","바다와 강, 그리고 호수를 품은 갈맷길","갈맷길 4, 5, 6코스","-","-","https://www.visitbusan.net/uploadImgs/files/cntnts/20200101145727468_ttiel","https://www.visitbusan.net/uploadImgs/files/cntnts/20200101145727468_thumbL","영도 남항대교에서 시작해 다대포 해수욕장을 거쳐 낙동강변을 따라 올라와 백양산을 타고 성지곡 수원지까지 닿게 되는 갈맷길 4,5,6코스는 바다에서 시작해 강을 거쳐 산에서 저수지로 마무리되는 코스이다.<p class=""font-size28 colorDarkBlue medium"">4코스</p><p class=""font-size20 medium"">4-1구간 13.0km / 4시간 : 남항대교 ~ 감천항<br>4-2구간 12.5km / 5시간 : 감천항 ~ 몰운대<br>4-3구간 10.8km / 4시간  : 몰운대 ~ 낙동강 하굿둑</p><p class=""font-size28 colorDarkBlue medium"">5코스</p><p class=""font-size20 medium"">5-1구간 22.0km / 6시간 : 낙동강 하굿둑 ~ 천가교<br>5-2구간 20.1km / 7시간 : 천가교 ~ 어음포 ~ 천가교<br><p class=""font-size28 colorDarkBlue medium"">6코스</p><p class=""font-size20 medium"">6-1구간 13.2km / 4시간 : 낙동강 하굿둑 ~ 구포역<br>6-2구간 23.0km / 7시간 : 구포역 ~ 성지곡수원지<br>6-3구간 11.3km / 4시간 : 구포역 ~ 금정산성 동문</p>갈맷길 4코스는 영도에서 시작되는 남항대교에서 송도해수욕장을 거쳐 몰운대와 다대포해수욕장을 지나 낙동강 하굿둑까지 이어지는 36.3km의 코스이다.4코스의 시작점인 남항대교는 뒤로 돌아보면 영도 흰여울마을이 보이고 앞으로는 송도해수욕장이 보이는 천하절경을 뽐낸다. 금빛으로 일렁이는 먼 바다 위 묘박지의 신비로운 풍경은 남항대교가 선사하는 또 하나의 감동이다. 구름산책로와 해상케이블카로 새로운 전성기를 맞이한 송도해수욕장에서 잠시 숨을 돌리고 기암절벽을 따라 연결돼 있는 해안볼레길로 접어든다. 아찔한 절벽 산책로가 끝나는 순간 우거진 나무와 푸른 바다가 조화로운 암남공원에 도착한다. 서둘러 발길을 재촉하니 자연 그대로의 모습을 간직한 다대포해수욕장이 넓은 해변공원과 함께 우리를 반긴다.낙동강 하굿둑에서 시작하는 5코스는 가덕도에 집중해본다. 가덕도의 최고 봉우리인 연대봉에 오르면 바다 너머 대마도가 지척이고 남해의 아름다운 해안선이 한눈에 들어온다. 작은 어촌마을 대항항의 산과 바다는 소박한 멋이 있다. 목가적인 마을 풍경이 그림처럼 바다와 어우러진다. 가덕도의 지난 시간들을 벽화에 담아낸 정거마을은 수많은 벽화마을 중에서도 휼륭한 퀄리티를 보여준다. 바다와 맞닿아 더욱 아름다운 정거마을의 벽화 속에서 가덕도의 지난 역사를 훑어볼 수 있다.6코스는 낙동강 하굿둑에서 시작해 낙동강변을 따라 걷다가 백양산 속의 사찰인 운수사와 선암사를 지나 어린이대공원이 있는 성지곡수원지까지 이어지는 코스이다.여름이면 부산국제록페스티벌이 열리는 삼락생태공원은 평소에는 조용하게 강변의 여유를 즐기며 산책하거나 자전거를 타기에 참 좋은 곳이다. 낙동강을 따라 발걸음을 옮기면 구포역이 나타나고, 이어서 백양산을 오른다. 백양산에서 처음 만나게 되는 운수사는 산 속 언덕배기에 살포시 자리 잡은 곱고 단아한 모습의 사찰이다. 광활한 낙동강의 시원한 풍경이 내려다보이는 범종루는 이 사찰의 압권이다. 이곳에서는 누구나 범종을 치며 소원을 비는 시간을 가질 수 있다.사찰의 정문인 일주문으로 올라가는 가파른 계단이 인상 깊은 선암사는 우거진 숲과 함께 큼직하게 사찰을 지키고 있는 암벽바위가 상징인 곳이다.산 속에 평탄하게 자리 잡은 모습이 평화로운 선암사를 뒤로 하고 성지곡수원지로 향한다. 완만한 산책길이 이어지는 성지곡수원지는 하늘로 곧게 뻗은 나무들이 빼곡해 깊은 산중을 걷는 듯한 느낌을 준다. 온갖 종류의 나무들에 둘러진 잔잔한 호수의 모습이 마냥 평화롭다.성지곡수원지의 높게 쌓인 제방길을 따라 걸으며 갈맷길 6코스도 마무리 된다."
"472","갈맷길 7,8,9코스","도보여행","35.275127","129.05742","갈맷길 7, 8, 9코스","송글송글 땀방울이 기분 좋은 갈맷길","갈맷길 7, 8, 9코스","-","-","https://www.visitbusan.net/uploadImgs/files/cntnts/20200101150338012_ttiel","https://www.visitbusan.net/uploadImgs/files/cntnts/20200101150338012_thumbL","성지곡수원지에서 시작해 금정산을 넘어 부산에서 가장 큰 저수지인 회동수원지를 거쳐 수영강변 APEC나루공원으로 가거나, 또는 회동수원지에서 일광산테마임도를 따라서 기장군청까지 걷는 갈맷길 7,8,9코스는 금정산과 일광산 두 산을 큰 축으로 삼아 산행을 즐길 수 있는 코스다.<p class=""font-size28 colorDarkBlue medium"">7코스</p><p class=""font-size20 medium"">7-1구간 9.3km / 4시간 : 성지곡수원지 ~ 금정산성 동문<br>7-2구간 13.0km / 5시간 : 금정산성 동문 ~ 상현마을</p><p class=""font-size28 colorDarkBlue medium"">8코스</p><p class=""font-size20 medium"">8-1구간 10.2km / 3시간 : 상현마을 ~ 동천교(석대다리)<br>8-2구간 7.0km / 2시간 : 동천교(석대다리) ~ 민락교</p><p class=""font-size28 colorDarkBlue medium"">9코스</p><p class=""font-size20 medium"">9-1구간 11.5km / 3시간 : 상현마을 ~ 이곡마을<br>9-2 구간 9.0km / 3시간 : 이곡마을 ~ 기장군청</p>7코스의 시작은 성지곡수원지다. 걷기 좋은 성지곡수원지 산책로를 통과해 산길을 오르면 만덕고개를 너머 금정산으로 향하게 된다. 한국에서 가장 긴 산성인 금정산성 북문까지 오르는 길은 제법 험하지만 금정산 능선을 따라 길게 이어져있는 성곽과 함께 내려다보이는 부산 전체 조망은 놓치기 아까운 멋진 그림이다. 시원한 바람에 몸을 맡기고 가만히 눈을 감으면 폐부 깊숙이 스미는 상쾌함이 지친 기운을 말끔히 씻어 준다. 등산길에 지친 속을 든든하게 채워주는 산성막걸리와 염소고기는 별미 중 별미로 무거운 발걸음을 가볍게 만들어주는 묘약이기도 하다. 내리막을 따라 성큼성큼 하산길에 천년고찰 범어사를 만난다. 큰 바위들이 널린 계곡을 건너 범어사 경내로 접어들면 고즈넉한 산사의 돌담길이 힐링로드가 되어준다. 웅장한 대웅전 뒤로 걸린 금정산의 산새가 경이롭다. 금정산과 그 아래 범어사, 원래부터 하나였던 것처럼 서로 녹아들어 그림 같은 풍광을 선사한다.8코스와 9코스의 시작점인 상현마을은 회동수원지를 옆에 끼고 아담하게 내려앉은 마을이다. 소박한 상현마을의 지붕과 회동수원지 둘레를 따라 심어져있는 나무, 그리고 그 너머로 보이는 호수가 환상의 조화를 이루는 곳이다. 수원지를 중심으로 병풍처럼 둘러져있는 산의 능선, 호수에 비춰진 맑은 하늘과 흰 구름이 아름다운 자태를 자랑한다. 수원지 둘레길 산책로를 걷다가 땅뫼산생태숲에 이르면 무거운 등산화를 잠시 벗어둔다. 작은 숲이지만 우거진 편백나무 숲과 맨발로 걸을 수 있는 황톳길이 조성되어 있어 고단한 발에 생기를 심어 넣을 수 있다.회동수원지에서 바다 쪽으로 쭉 이어지는 수영강을 따라 발걸음을 내딛는다. 걷기 좋은 보행로가 잘 조성 돼 있는 수영강변을 따라 걷다보니 어느새 고층 빌딩이 즐비한 센텀시티가 보인다. 부산의 첨단 도시로 대표되는 센텀시티의 녹색 휴식처, APEC나루공원에서 길었던 갈맷길 8코스를 마무리 짓는다.9코스는 회동수원지에서 연결되는 일광산테마임도를 거니는 코스로 자갈이 깔린 넓고 평탄한 길이 기장군청까지 이어진다. 산악자전거 경기가 열렸던 구간이기도 해서 MTB동호인들의 인기 코스이기도 하다. 길 양 옆으로 각기 다른 종류의 나무 군락이 잘 조성되어 있는 일광산테마임도는 걷는 내내 초록의 싱그러움을 눈에 담을 수 있다. 오르막과 내리막이 적절히 반복되는 숲길이기에 너무 심심하지도 않은 길이다. 일광산테마임도가 거의 끝나갈 때쯤 나타나는 단아한 모습의 정자 모연정에서 갈맷길 인증도장도 찍을 겸 잠시 쉬어간다. 걷기 좋은 숲 속 산책길을 마무리하며 기분 좋은 발걸음이 9-2코스의 마지막 기장군청으로 향한다."
"475","가덕도해안산책로","도보여행","35.05456","128.84813","가덕도해안산책로","원시 자연을 간직한 부산 최남단의 섬, 가덕도를 걷다","가덕도둘레길을 걷다","도시철도 1호선 하단역 3번 출구 → 버스 58번 선창 정류장 하차 → 해안산책로 동선새바지 방향주차 인근 주차장 이용","-","https://www.visitbusan.net/uploadImgs/files/cntnts/20200101153731257_ttiel","https://www.visitbusan.net/uploadImgs/files/cntnts/20200101153731257_thumbL","영도의 태종대 해안과 절영산책로, 서구의 암남공원 해안길, 남구의 이기대해안산책로 등 부산에는 바다 비경을 간직한 산책로들이 많다. 이중 부산 최남단 가덕도해안산책로는 그 아름다움에 비해 아직 덜 알려진 길로 주목받고 있다. 한적하고 때 묻지 않은 자연을 즐길 수 있는 길은 동선새바지에서 대항새바지까지 약 6km 코스로 기암괴석과 드넓고 푸른 바다가 절묘한 조화를 이룬다.58번 버스종점에서 동선새바지 방향으로 접어들면 바위와 함께 어우러진 바다, 그리고 푸른 하늘을 보며 걷기에 안성맞춤 코스인 해안산책로가 시작된다. 눈앞에는 아름다운 남해 바다 전망이 파노라마처럼 펼쳐지고 갯바위 곳곳 열심히 물고기를 낚는 낚시꾼들의 모습이 그림처럼 걸려있다.평탄한 해안산책로를 걷다가 기도원을 지나면 본격적인 숲길 오르막이 시작된다. 어음포 방향으로 가는 길 중간에서 넓은 공터를 만난다. 누릉능이라 불리는 이곳은 1970년대까지 사람이 살던 곳인데 지금은 잠시 쉬어갈 수 있는 전망대가 조성돼 있다. 가쁜 숨을 돌리며 누릉능 전망대에 오르면 단박에 이곳에서 왜 쉼터를 만들어 놓은 지 이해하게 된다. 발아래 펼쳐진 푸른 바다는 섬의 아기자기한 해안선과 만나 절로 탄성을 자아내게 한다. 고깃배라도 한 대 지나간다면 그 모습이 사라질 때까지 눈길을 뗄 수 없게 만드는 곳이다.어음포를 거쳐 대항새바지로 향하는 숲길은 햇빛이 잘 들지 않을 만큼 빽빽한 소나무 군락이 계속 이어진다. 숲길 산책로를 걷는 동안 어음포 계곡물이 시원한 물소리 선사하며 가덕도 앞바다로 흘러가는 모습도 볼 수 있다. 물고기가 많은 포구였던 어음포는 현재 그 터만 남아 오고가는 여행객의 쉼터 역할을 하고 있다. 이렇듯 가덕도 둘레길은 해안산책로이기도, 등산로이기도 해서 산봉우리 바로 아래 계곡을 가로지르는 도보여행도 가능하다. 해안산자락을 둘러가는 여행길에 오르고 내리고를 반복하며 지루할 틈 없는 오솔길을 걷다보면 어느새 희망정에 이른다. 옛 해안경비초소가 있던 곳에 전망을 감상할 수 있는 정자와 데크를 조성한 곳이다. 희망정에서 바라보이는 아름다운 풍광은 마치 무엇인가에 홀린 것처럼 넋을 잃고 바라보게 만든다.마지막 굽이를 돌아 해안산책로가 끝나는 지점에 대항새바지 마을이 있다. 대항새바지 자갈해변은 일본군이 광산기술자와 조선인들을 강제 징용하여 만든 인공동굴이 있는 장소다. 아름다운 에메랄드빛 바다를 감싸 안은 소박한 포구가 과거에는 일본군 강제동원에 끌려나온 평범한 조선인들이 뼈아픈 고난의 시간을 보내야했던 곳이다. 이곳은 묻혀있던 과거의 아픔이 현재로 이어져 새로워질 미래로 향해가는 공간이다."
"507","남항대교","도보여행","35.078773","129.02596","남항대교","걷고 싶은 해상 산책길, 남항대교","-","도시철도 1호선 자갈치역 2번 출구 → 버스 26, 30, 6, 71, 96, 96-1 환승 → 암남동주민센터 하차 도보 10분주차 남항대교 공영주차장","엘리베이터, 휠체어접근 가능","https://www.visitbusan.net/uploadImgs/files/cntnts/20200102140441218_ttiel","https://www.visitbusan.net/uploadImgs/files/cntnts/20200102140441218_thumbL","하양 빨강 쌍둥이 등대가 마주 자리한 남항 방파제, 그와 나란히 걸린 남항대교의 그림 같은 풍경에 시선이 머문다.서구 암남동에서 영도구 영선동까지 이어지는 남항대교는 부산 해안순환도로를 잇는 다리 중 유일하게 보행통로가 조성되어 있다. 해상 산책길을 따라 여유롭게 걷거나, 열심히 자전거 페달을 밟으며 남항을 가로지른다.힘차게 남항을 드나드는 배, 저 멀리 자갈치시장과 부산타워가 눈길을 사로잡는다. 수변공원에서 바라본 영도 먼 바다에는 대형선박들의 실루엣이 금빛을 받아 반짝인다."
"510","광안대교 걷기행사","도보여행","35.15178","129.13446","광안대교 걷기행사","광안대교 걷기축제","-","도시철도 2호선 벡스코역 5번 출구 도보 10분버스 100, 100-1, 115-1, 141, 200, 31, 39, 40, 63, 181 올림픽교차로 환승센터 하차 도보 12분","휠체어접근 가능","https://www.visitbusan.net/uploadImgs/files/cntnts/20200102142312713_ttiel","https://www.visitbusan.net/uploadImgs/files/cntnts/20200102142312713_thumbL","일 년 중 하루 광안대교를 신나게 걷는다!자동차전용도로라 보행이 불가능한 광안대교 위를 시원한 바닷바람 맞으며 즐겁게 걷는 행사가 열린다. 단순한 도보행사라기 보다는 다양한 문화행사를 즐기며 걷는 소규모 축제다. 군악대 퍼레이드를 비롯하여 전통놀이, 버스킹, 푸드트럭, 포토존 등 각종 프로그램이 참가자들을 기다린다.가벼운 옷차림에 편한 운동화 장착하고 느릿느릿 광안대교를 걷는 기분은 과연 어떨까.**축제 취소 안내**신종 코로나바이러스(코로나19) 감염 확산 방지를 위해 광안대교 걷기행사는 취소되었음을 알려드립니다.(재개 시 별도 안내)"
"756","미션워킹투어 1 _ 수영구편(한)","도보여행","35.170094","129.1169","수영팔도시장, 수영성마을박물관, 수영사적공원, F1963, 비콘그라운드, 망미단길","미션워킹투어 _ 수영구편","로맨틱 도심길 짝지길을 걷다","-","-","https://www.visitbusan.net/uploadImgs/files/cntnts/20200514115618067_ttiel","https://www.visitbusan.net/uploadImgs/files/cntnts/20200514115618067_thumbL","찐 부산의 이야기가 스며있는 매력만점 걷기길, 아직 못 걸어 봤다고요?부산은 보행도시! 안전하고 편안하게 걸으며 부산사람만큼 부산을 알 수 있는 워킹투어코스가 준비되어 있어요. 개성 넘치는 캐릭텔러(캐릭터 + 스토리텔러)와 함께 걷는 신개념 워킹투어 프로그램, 더 이상 주저하지 말아요~총 5개의 코스로 운영 중인 걷기좋은부산 미션워킹투어, 수영구 코스부터 먼저 파헤쳐드릴게요!연인들의 데이트코스로 알려진 감성 스폿이 많은 짝지길이에요.<p class=""font-size28 colorDarkBlue medium"">짝지길코스 </p><p class=""font-size20 medium"">수영팔도시장 - 수영성마을박물관 - 수영사적공원 - F1963 - 비콘그라운드 - 망미단길</p><p class=""font-size23 colorDarkBlue bold"">수영팔도시장</p>동네 마실 나오듯 나온 수영팔도시장, 우리의 캐릭텔러 짝지길 ‘연애요정’이 반갑게 맞이합니다. 빨간 나비넥타이에 천사날개까지 장착하고 건네준 건 다름 아닌 만보기. 아하! 만보를 찍은 참가자를 위한 기념품이 대기 중이군요. 그럼 더 열심히 걸어야겠어요.이름이 왜 팔도시장일까 부터 시작해 듣보잡 만담을 쏟아내는 연애요정 덕에 하하호호 경쾌한 시장구경이 눈 깜짝할 사이에 지나갑니다. 골목골목 고소한 냄새 가득하고 알록달록 제 빛깔을 뽐내는 과일은 입안에 군침을 돌게 만들지만 다음 코스 이동을 위해 패~쓰~<p class=""font-size23 colorDarkBlue bold"">수영성마을박물관</p>아담한 기와를 얹은 수영성마을박물관에 도착! 수영의 옛 모습을 담은 마을박물관이자 동네 사랑방이랍니다. 2층 마을전시관은 누구나 관람이 가능하니 수영사람들이 살아온 모습이 궁금하다면 이곳을 지나치지 마세요~. 1층엔 가격 착한 다방이 자리 잡고 있어요. 다음에 꼭 들러보자 결심을 부르는 가격입니다. 가게 앞 쉬어가는 벤치조차 성벽모양, 착석을 부르는 이런 벤치는 어디에도 없답니다. 수영사적공원으로 향하는 골목 곳곳 숨은 벽화찾기가 색다른 즐거움을 주는 코스예요.<p class=""font-size23 colorDarkBlue bold"">수영사적공원</p>초록의 싱그러움을 만끽할 수 있는 수영사적공원은 도란도란 이야기하며 걷기 좋은 오솔길이 이어진답니다. 천연기념물 푸조나무와 곰솔나무에 얽힌 이야기를 나누며 투어 참가자들 서로가 부쩍 친해지는 길이기도 합니다. 그래서~ 준비된 이벤트! 1차 커플매칭이 이루어지는 곳이 바로 여기죠. 커플이 된 참가자들의 얼굴엔 미소가 한가득 이네요. 수영구 짝지길의 묘미를 한껏 즐겨보도록 해요.<p class=""font-size23 colorDarkBlue bold"">F1963</p>와이어를 생산하던 공장에서 복합문화공간으로 탈바꿈한 F1963으로 미션워킹투어는 이어집니다. 다양한 문화공연과 전시회가 열리는 공연장이자 카페, 레스토랑, 서점 등이 입점해 있는 곳이기도 합니다. 1차 매칭커플이 데이트하며 알차게 시간을 보낼 수 있는 훌륭한 공간이죠. 이런저런 궁금한 대화가 오고가고 공간과 문화에 대한 이야기를 나누다보면 주어진 시간은 훌쩍 흘러 2차 커플매칭 시간이 돌아온답니다. 낭만이 가득한 대숲산책길에서 매칭이 이루어진 새로운 커플이 다음 코스를 향하며 대화를 이어갑니다.<p class=""font-size23 colorDarkBlue bold"">비콘(B-Con)그라운드</p>7월 오픈 예정인 비콘(B-Con)그라운드도 투어코스에 쏙. 부산의 ‘B’와 컨테이너의 영어스펠 앞 세 글자 ‘Con’을 따 이름 지은 이곳은 컨테이너 모양의 독특한 철구조물이 시선을 사로잡는 곳이랍니다. 문화예술 관련 공간과 상업 시설이 곧 입점해 망미단길의 새로운 핫플레이스로 떠오를 예정입니다. 이곳도 머지않아 커플천국이 될 것 같죠? <p class=""font-size23 colorDarkBlue bold"">망미단길</p>감성감성한 망미단길은 골목마다 이색적인 가게며 카페를 찾아 구경하는 재미가 쏠쏠한 곳이랍니다. 셔터만 누르면 작품이 되는 곳에서 커플샷은 필수! 짝지길 캐릭텔러 ‘연애요정’이 여기 콕, 저기 콕, 인생스폿 모두 알려드려요.대망의 짝지길 미션워킹투어가 마지막을 향해 갑니다. 올망졸망 모여 앉아 마지막으로 커플을 결정할 시간. 되면 어떻고, 안되면 어떤가요. 이미 수영구 짝지길은 나의 소울메이트!찐부산을 즐기고 싶으신가요? 좋은 일 생기길 바라시나요?그렇다면 미션워킹투어 짝지길 강추강추!"
"760","미션워킹투어 2 _ 중구편(한)","도보여행","35.096638","129.03062","영도대교, 자갈치시장, 국제시장/부평깡통시장, 보수동책방골목, 40계단, 용두산공원","미션워킹투어 _ 중구편","텅장 만드는 지름길을 파헤치다","-","-","https://www.visitbusan.net/uploadImgs/files/cntnts/20200519120244152_ttiel","https://www.visitbusan.net/uploadImgs/files/cntnts/20200519120244152_thumbL","각양각색 다섯 가지 걷기코스를 예능신들과 함께 할 수 있는 절호의 차-안스!이번에 함께 걸을 길은 핫한 시장을 다니며 눈 깜빡하면 텅장이 될 수 있는 지름길이에요. 우리 그럼 다들 만보달성을 목표로 열심히 걸어볼까요? 지금 우린 절찬리~도보중! 잠깐! 지름길 코스는 좁은 길이 많으니 조심해서 걸으셔야 해요 : )<p class=""font-size28 colorDarkBlue medium"">지름길코스 </p><p class=""font-size20 medium"">영도대교 - 자갈치시장 - 국제시장/부평깡통시장 - 보수동책방골목 - 40계단 - 용두산공원</p><p class=""font-size23 colorDarkBlue bold"">영도대교</p>설레는 마음을 가득 안고 유라리 광장으로 향합니다. 저 멀리서 화려한 몸빼 바지를 입은 ‘자갈치 아지매’가 요란스레 뛰어오네요. 뽀글머리를 만지며 손자뻘인 참가자들에게 용돈 주듯 만보기를 쥐어줍니다. 오늘도 으?으?! 열심히 만보를 채워~봅시다!유년시절 “니 영도다리 밑에서 주워왔다”를 안 들어본 사람 있나요? 영도다리는 피난민의 애환을 담고 있는 아픔의 다리예요. 쉴 새 없이 떠드는 자갈치아지매와 함께 자갈치 시장으로 열심히 걸어갑니다.TIP. 오후 2시에 영도다리 도개모습을 볼 수 있으니 시간 맞춰 가보이소~<p class=""font-size23 colorDarkBlue bold"">자갈치시장</p>부산을 성격을 가장 잘 보여주는 자갈치시장, 자갈이 많아 자갈치시장이라고 이름이 부르기 시작했어요. 정이 많다 못해 넘치는 시장이에요. 오이소 보이소 사이소~ 억척스러운 아지매들이 시장구경에 대한 재미를 더해주는 건 안 비밀! 시장을 지나가다 별다방 못지않은 커피한잔을 마시면  그저 설명만이 아닌 함께 즐기는 도보투어라는 것을 더더욱 느낄 수 있어요! 자갈치 시장에 새롭게 생긴 랜드 마크 B4291! 건어물 위판장이 복합문화공간으로 재탄생했어요. 부산 관련 굿즈들이 많으니 부산을 사랑한다면 열심히 스캔해서 지름강림해보세요.TIP. 자갈치시장 친수공원에서 인증샷도 한번 찍어보이소~<p class=""font-size23 colorDarkBlue bold"">국제시장/부평깡통시장</p>좁은 길가를 조심히 걸어가다 보면 양옆으로 국제시장과 부평깡통시장이 우릴 반겨줍니다. 이때 쇼핑을 할 수 있는 개이득 찬스를 준답니다. 깡통파, 국제파로 나눠 쇼핑을 하러가요. 깡통시장에는 여러 수입과자와 유부주머니, 단팥죽, 떡볶이 등 먹을거리가 많고, 국제시장은 꽃분이네, 캐릭터용품, 베개, 구제옷 등 잡화들을 많이 파니 각 시장에 맞게 쇼핑을 하면 구~웃! 저녁엔 깡통야시장에서 종류도 다양한 푸드트럭을 돌아보는 것도 최고의 경험! 자갈치아지매가 나눠주는 5,000원으로 알차게 쇼핑을 해봅시다.TIP. 시장 곳곳에 부산 로컬맛집이 숨어있으니 투어가 끝난 후 한번 찾아가 보이소~<p class=""font-size23 colorDarkBlue bold"">보수동책방골목</p>보수동책방골목 사이를 걸으면 오래된 나무 냄새와 특유의 책 냄새가 우리 마음을 설레게 하지요. 걷다가 조금 힘들다 싶을 때면 어김없이 자갈치아지매의 퀴즈가 쏟아집니다. 그 공간의 역사와 문화를 우리가 자발적으로 찾고 알게끔 하는 것이 미션워킹투어의 매력 아니겠어요? 문제를 맞히면 작은 선물도 있으니 두 눈 부릅뜨고 맞춰 봐요! 에너지 충전이 됐다면 보수동책방골목에서 나만의 책 한권 사보는 건 어떠세요? 책과 함께 인증샷을 찍으면 보수동 완 전 정 복! TIP. 보수동책방골목 사이사이마다 감성 가득 카페가 많으니 새로 산 서적과 함께 힐링해보이소~<p class=""font-size23 colorDarkBlue bold"">40계단</p>보수동과 중앙동은 조금 멀어 열심히 걸어야 합니다. 만보를 채울 수 있는 기회! 가는 도중에도 자갈치아지매는 지치지 않고 열심히 이야기를 합니다. 40계단 인쇄골목을 지나 40계단으로 향해요. 피난 중 헤어진 가족들의 상봉 장소로 유명했던 40계단. 그리운 가족들과 사랑하는 사람을 하염없이 기다리던 그들의 발자취가 담긴 곳이에요. 이곳에서 게임을 진행하는데 미션워킹투어는 2시간동안 알차게 즐길 수 있는 프로그램이 많이 있으니 잔뜩 기대하고 오세요~ TIP. 40계단의 역사를 더 알고 싶다면 40계단기념관으로 가보이소~<p class=""font-size23 colorDarkBlue bold"">용두산공원</p>미션워킹투어의 마지막 코스인 용두산 공원으로 가는 길에 영화체험박물관이 있어요. 안에는 포토존과 영화 관련 정보들이 많으니 꼭 둘러보기! 약속~ 마지막 힘을 짜내 용두산 공원 열심히 올라갑시다. 지금까지 걸었던 모든 길들을 한눈에 바라볼 수 있는 용두산공원, 산의 형태가 용이 바다에서 육지로 올라오는 용의 머리에 해당하는 곳이라 하여 용두산(龍頭山)이라 합니다. 부산시민들의 정성이 깃든 부산의 상징 “시민의 종”도 있어요. 매년 타종식을 통해 한 해의 마지막을 정리하고 힘찬 새해를 맞이하는 곳입니다. 한복을 대여해주는 곳도 있으니 예쁘게 고까옷 입고 부산을 둘러보는 것도 좋은 추억이 될 것 같아요! TIP. 부산타워 전망대에서 시원하게 펼쳐지는 부산전경을 감상할 수 있으니 꼭 올라가 보이소~부산 명소들의 집합소, 지름길을 열심히 둘러봤는데요. 모두 지름신이 오셨나요? 쌈박한 미션들과 자갈치아지매의 화려한 말솜씨가 함께 하는 지름길!진짜 부산을 즐기고 싶은 분들은 지금 미션워킹투어하세요~"
"768","트레킹으로 만나는 에코 부산(한)","도보여행","35.08137","129.0412","영도, 송정, 황령산, 장산, 금정산","트레킹으로 만나는 에코 부산","-","-","-","https://www.visitbusan.net/uploadImgs/files/cntnts/20200521212644906_ttiel","https://www.visitbusan.net/uploadImgs/files/cntnts/20200521212644906_thumbL","산과 바다를 품은 청정 부산의 매력을 가장 잘 느낄 수 있는 방법!부산 5대 트레킹 챌린지에 도전하고 부산의 숨은 매력을 확인하세요!총 5개 코스의 인증포인트에서 “하이파이브”를 하듯 손바닥을 쫙 펴고 인증사진을 찍으면 인증완료!그럼 5대 트레킹 챌린지에 대해 좀 더 자세히 알아볼까요?<p class=""font-size28 colorDarkBlue medium"">영도 절영해안산책로 </p><p class=""font-size20 medium"">흰여울문화마을 거점센터 - 절영해안산책로 - 흰여울 해안터널 - 피아노계단 - 흰여울문화마을 자유여행</p>약 3,5km로 1시간에서 1시간 30분 정도 소요되는 코스입니다! 부산의 산토리니인 영도의 탁 트인 바다를 감상하며 걸을 수 있답니다.누구든 편하게 걸을 수 있어 친구와 함께 떠나는 것을 추천해요.다만 피아노 계단은 가파르니 조금만 조심해 주세요~바다 위를 떠다니는 선박들을 바라보면 이순간이 굉장히 낭만적이게 느껴져요.맛집과 카페도 많으니 힘들다면 잠시 쉬어가는 것도 좋은 방법입니다. [인증포인트] 흰여울 해안터널 앞입니다. 다같이 하이파이브로 인증샷 찍으시면 돼요 : )<p class=""font-size20 colorDarkBlue medium"">더 자세한 내용 아래 링크 클릭</p><a href=""https://blog.naver.com/busanto1115/221970117751 "" target=""_blank"" alt=""새창열림"" class=""link-style1"">https://blog.naver.com/busanto1115/221970117751</a><p class=""font-size28 colorDarkBlue medium"">송정 코스</p><p class=""font-size20 medium"">송정해수욕장/(구)송정역 데크길 - 갈맷길입구 - 숲길 - 인증스팟 - 청사포 입구 사거리 - 청사포 다릿돌전망대 - 송정해수욕장(원점회귀)</p>약 7km로 2시간 정도가 소요되는 코스입니다!송정은 서핑의 성지이자 일출이 아름답기로 소문이 자자해요~ 그런 송정해수욕장을 시작으로 찰랑이는 바다를 보며 걸어갑니다! 벌써 힐링이 되는 기분이 들어요.철길을 따라 걷는 로맨틱함이 있는 코스이기 때문에 사랑하는 연인과 함께 하기를 추천드려요. 여기서 비밀스폿으로 들어가는 입구를 알려드릴게요! 303화덕이 보이면 우측에 있는 좁은 통로를 통해 데크길에서 나오셔야해요! 그러면 숲길로 이어진답니다. 갈맷길이자 해파랑길이라 표식도 잘되어있으니 열심히 걸어주시면 됩니다! 숲길을 따라 걷다보면 피톤치드가 가득한 자연이 아름답게 우리를 맞이해준답니다~[인증포인트] 청사포 다릿돌전망대가 한눈에 내려다보이는 포토스폿이 있으니 그곳에서 하이파이브 포즈를 해주시면 됩니다 : )<p class=""font-size20 colorDarkBlue medium"">더 자세한 내용 아래 링크 클릭</p><a href=""https://blog.naver.com/busanto1115/221970127522  "" target=""_blank"" alt=""새창열림"" class=""link-style1"">https://blog.naver.com/busanto1115/221970127522</a><p class=""font-size28 colorDarkBlue medium"">황령산</p><p class=""font-size20 medium"">황령산로 - 중앙교회 - 금련산 청소년수련원 - 전망대 쉼터- 정상석</p>약 8km로 3시간 30분 정도가 소요되는 코스입니다! 부산 도심의 중심에 위치한 황령산인 만큼 부산의 동서남북을 360도로 감상할 수 있어요! 또 정상까지 차를 타고 올라갈 수 있어서 부산의 대표 야경 명소로도 유명합니다.특히, 황령산은 산의 높이와 경사가 크게 높지 않아, 부산시민들도 가볍게 산책을 즐기기도 한답니다. 도시에서부터 스무 걸음이면 울창한 자연을 바로 느낄 수 있어요~ 황령산 코스의 반은 금련산 청소년수련원으로 구성되어 있어요. 수련원인 만큼 정갈하게 길이 꾸며져 있어요!황령산 코스는 잘다져진 도로를 통해 걷는 방법과 옆으로 트인 산길로 걷는 방법이 있으니 취향에 맞게 트레킹을 즐기시면 된답니다.[인증샷포인트] 황령산 정상석에서 손바닥을 쫙 펴고 하이파이브를 해주세요 : )<p class=""font-size20 colorDarkBlue medium"">더 자세한 내용 아래 링크 클릭</p><a href=""https://blog.naver.com/busanto1115/221970169610  "" target=""_blank"" alt=""새창열림"" class=""link-style1"">https://blog.naver.com/busanto1115/221970169610</a><p class=""font-size28 colorDarkBlue medium"">장산</p><p class=""font-size20 medium"">대천공원 - 억새밭 - 장산 정상석</p>약 10km로 4시간 정도가 소요되는 코스입니다!부산 5대 트레킹 챌린지 코스 중 가장 긴 코스지만 그만큼 멋진 풍경을 가지고 있어요.장산은 해운대와 광안리가 한눈에 보이는 멋진 뷰를 감상할 수 있답니다. 근사한 억새밭이 있기 때문에 가을에 가면 더 아름다운 장산을 느낄 수 있어요. 대천공원에서 체육공원까지 가는 길에는 삼림욕장, 계곡, 폭포 등이 있으니 마음껏 힐링하며 자연의 싱그러움을 만끽해보세요.  장산 등산로를 따라 쭉 걸어가다 보면 신기한 너덜바위가 나와요~ 장산에는 두 개의 너덜바위가 있다는 사실! 그렇게 계속 걷다보면 대망의 억새밭이 나옵니다. 억새밭을 충분히 즐긴 후 정상석에 오르면 파노라마처럼 펼쳐진 해운대와 광안대교 전망이 기다리고 있어요.[인증샷포인트] 장산의 정상석에서 하이파이브 포즈를 취해주세요 : )<p class=""font-size20 colorDarkBlue medium"">더 자세한 내용 아래 링크 클릭</p><a href=""https://blog.naver.com/busanto1115/221970178115  "" target=""_blank"" alt=""새창열림"" class=""link-style1"">https://blog.naver.com/busanto1115/221970178115</a><p class=""font-size28 colorDarkBlue medium"">금정산</p><p class=""font-size20 medium"">범어사 - 금정산성 북문 - 고당봉 정상석</p>약 7km로 3시간30분 정도가 소요되는 코스입니다!부산에서 가장 높은 산이자 트레킹을 사랑하는 사람들이 주저 없이 제1순위 명산으로 꼽는 금정산, 산림청이 지정한 100대 명산 중 부산에서 유일하게 포함되어 있는 산이에요. 범어사와 금정산성 등 다양한 볼거리와 함께 굽이굽이 오르는 재미를 담고 있어요. 부산에서 하늘과 가장 가까이 닿을 수 있는 산봉우리가 있는 곳이랍니다. 벌써 마음이 설레지 않으세요? 먼저 존재만으로도 아름다운 천년고찰 범어사에서 시작합니다. 열심히 걷다보면 금정산성 북문을 맞이합니다. 길게 뻗은 웅장한 금정산성과 탁 트인 하늘을 마주하면 묵묵하게 쌓여있던 스트레스가 한 번에 날아가는 기분을 느낄 수 있습니다. 금정산의 아름다운 경치를 구경하며 여유롭게 걸어보세요. 그러다보면 벌써 정상에 도착해 있을 거예요.[인증샷포인트] 고당봉 정상석이 자~알 보이도록 나만의 하이파이브 포즈로 사진을 찍어주세요 :)<p class=""font-size20 colorDarkBlue medium"">더 자세한 내용 아래 링크 클릭</p><a href=""https://blog.naver.com/busanto1115/221970202171  "" target=""_blank"" alt=""새창열림"" class=""link-style1"">https://blog.naver.com/busanto1115/221970202171</a>와우! 사진만 봐도 속이 뻥~ 뚫리는 것 같아요.등산화 매듭 야무지게 묶어서 지금 당장 트레킹 챌린지에 도전해 볼까요?부산 5대 트레킹 챌린지 코스를 걸으신 후 인증이벤트에 참여해 주신 분들에게는 추첨을 통해 선물을 드려요!<p class=""font-size20 colorDarkBlue medium"">트레킹 챌린지에 참여하는 방법 아래 링크 클릭 (마감)</p><a href=""https://blog.naver.com/busanto1115/221969955109 "" target=""_blank"" alt=""새창열림"" class=""link-style1"">https://blog.naver.com/busanto1115/221969955109</a>"
"769","미션워킹투어 3 _ 남구편(한)","도보여행","35.12963","129.09447","부산박물관, 유엔기념공원, 부산문화회관, 국립일제강제동원역사관, 유엔평화기념관, 평화공원, 유엔조각공원","미션워킹투어 _ 남구편","역사 선생님과 함께 평화의 의미를 되새기는 평화로를 답사하다","-","-","https://www.visitbusan.net/uploadImgs/files/cntnts/20200527144325264_ttiel","https://www.visitbusan.net/uploadImgs/files/cntnts/20200527144325264_thumbL","국제 유일의 유엔군 묘지가 있는 유엔기념공원을 아시나요?세계 평화와 자유를 위해 생명을 바친 각국의 6.25전쟁 영웅들이 잠들어 계신 곳이랍니다.어떤 이유로 이분들은 이역만리 낮선 땅에 묻히신 걸까요? 월드클래스 입담 자랑하는 우리 역사쌤의 전문지식 전해 들으며 평화의 의미를 되새기는 평화로 미션워킹투어, 지금 시작합니다!<p class=""font-size28 colorDarkBlue medium"">평화로코스 </p><p class=""font-size20 medium"">부산박물관 - 유엔기념공원 -부산문화회관 - 국립일제강제동원역사관 - 유엔평화기념관 - 평화공원 - 유엔조각공원</p><p class=""font-size23 colorDarkBlue bold"">부산박물관</p>평화로 미션워킹투어 집결지는 유엔기념공원 바로 옆에 위치한 부산박물관이에요. ‘부산광역시 남구’ 깃발을 손에 든 참가자들이 삼삼오오 모여듭니다. 부산의 역사를 한눈에 살펴볼 수 있는 부산박물관은 구석기 시대부터 근?현대에 이르는 방대한 유물을 전시하고 있어요. 그야말로 부산 역사의 산증인인 셈이죠. 하나라도 놓칠세라 전시관을 꼼꼼히 돌아보는 참가자들의 뒷모습이 사뭇 진지합니다. 왜 진지할까요? 다음 코스로 이동하는 동안 우리의 역사쌤이 돌발퀴즈를 쉴 새 없이 던지기 때문입니다. 기필코 100점 만점을 성취하고픈 높은 의욕, 열렬히 지지합니다 :)<p class=""font-size23 colorDarkBlue bold"">유엔기념공원</p>한국전쟁에 참전한 22개국의 국기와 대한민국 국기, 그리고 파란색 유엔기가 하루도 빠짐없이 펄럭이는 게양대 앞에 서서 마음을 경건히 합니다. 한국전쟁에서 전사한 유엔군 전몰장병들의 숭고한 희생정신에 감사의 마음을 다해 고개를 숙이게 됩니다. 몇 초간의 그 짧은 묵념이 그 분들에게 가 닿기를 염원합니다. 잘 조성된 묘역을 걷다가 조그만 수로 앞에서 발걸음이 멈춥니다. 최연소 전사자의 이름을 딴 ‘도은트 수로’라고 하네요. 17세의 어린 전사자에 대한 고마움이 새겨진 이 곳도 놓치지 마세요. 유엔군 전물장병 4만여 명의 이름이 새겨진 추모명비는 동그란 연못을 감싸고 있습니다. 이쯤해서 우리 역사쌤의 친절한 가르침이 빠질 수 없죠. 연못 속 반원 모양의 조형물은 철모, 돌기둥 위 꺼지지 않는 불꽃은 영원, 하얗게 솟아오르는 작은 분수는 참전한 22개국을 상징한다고 합니다. 이 내용, 반드시 다음 돌발퀴즈에 나오지 않을까요? 적중률 100퍼센트 장담합니다!<p class=""font-size23 colorDarkBlue bold"">부산문화회관 / 국립일제강제동원역사관</p>드넓은 잔디가 펼쳐진 산책로를 따라 부산문화회관으로 이동합니다. 부산의 대표 공연장 중의 하나인 부산문화회관은 다양한 공연과 문화행사를 경험할 수 있는 곳이기도 하지만 쉼터에 앉아 평화로 역사투어에 대해 도란도란 이야기 나누기 참 좋은 장소랍니다. 어느 자리든 먼저 찜하는 사람이 임자! 에너지 충전 후엔 일제 강점기 강제동원의 실상을 알려주는 국립일제강제동원역사관으로 향합니다. 나무데크 계단을 오를 땐 숨이 턱 끝에 차오르지만 이 길이 지름길이라는 것! 이럴 줄 알고 부산문화회관에서 미리 쉬었잖아요? 웅장한 외관이 예사롭지 않은 국립일제강제동원역사관은 4,5층 전시실에서 묻혀왔던 역사적 진실을 마주할 수 있어요. 아픈 기억이지만 상처를 나누고 치유하는 공간으로 자리매김하고 있어요. 여기서 또또또! 우리 역사쌤이 돌발퀴즈를 내시네요. 이번엔 좀 난이도 낮은 걸로 부탁해요~<p class=""font-size23 colorDarkBlue bold"">유엔평화기념관 / 유엔평화공원 / 유엔조각공원</p>감사와 기억의 공간, 유엔평화기념관에 도착했어요. 한국전쟁을 경험하지 못한 후손들이 이곳에서 유엔참전용사에 대한 소중한 기억을 공유하고 감사의 마음을 키울 수 있기를 바라요. 초록이 우거진 가로수길 아래 이 평화로운 일상이 유엔참전용사들의 숭고한 희생으로 탄생한 것이겠죠? 이어지는 유엔평화공원과 조각공원은 걷기 좋은 산책길이랍니다. 걷는 곳곳 세계 평화를 염원하는 조각 작품이 전시되어 있어 서로서로 감상평 나누며 천천히 걷기 좋은 곳이에요.역사쌤의 실감나는 현장 강의와 함께 한 평화로 미션워킹투어, 그냥 끝내면 서운하죠.그동안 배운 실력 맘껏 뽐낼 수 있는 마지막 “모의고사”가 기다리고 있어요. 모두들 100점, 자신 있으시죠?자, 그럼 모두에게 행운이 깃들기를 :) 아참참! 만보 찍었는지 확인하는 것도 잊지 마세요!** 코로나19의 여파로 부산박물관, 유엔평화기념관, 국립일제강제동원역사관은 이용제한이 있을 수 있으니 사전에 홈페이지 안내사항을 꼭 확인해 주세요."
"776","쇠미산숲길(한, 영)","도보여행","35.20982","129.05142","쇠미산 등산로","오늘의 산책_쇠미산 숲길을 평정하다","초보 등산러를 위한 사직동 뒷산 정복기","도시철도 3호선 미남역 3번 출구 - 버스 210번 환승 - 원광사 하차","-","https://www.visitbusan.net/uploadImgs/files/cntnts/20200602215220948_ttiel","https://www.visitbusan.net/uploadImgs/files/cntnts/20200602215220948_thumbL","날씨가 화창한 날이면 어디론가 훌쩍 떠나고 싶은 마음이 인지상정, 그렇지만 코로나19로 거리두기가 생활화 된 일상에 이러지도 저러지도 못하는 것이 현실이지요. 길어지는 집콕생활이 더 이상 슬기롭지 못할 때는 살짝 기분 전환도 필요할 테니 조용히 혼자서 쇠미산에 한번 다녀오는 건 어떠세요?동래구 사직동에 위치한 쇠미산은 399m의 높이로 비교적 난이도가 낮은 등산코스에 속한다고 합니다. 그래서인지 초보 등산러들이 즐겨 찾는 곳이라고 해요. 여러 갈래의 둘레길이 있어 원하는 코스로 산행을 시작하면 되고, 걷다가 힘들면 가장 가까운 날머리를 골라 하산하면 바로 도심길과 만나게 된답니다. 생수 한 병 들고 도전한 오늘의 산행은 사직동 ‘원광사’에서 출발해 ‘구민의 숲’을 거쳐 만덕고개 ‘철학로’를 따라 하산하는 코스입니다.<p class=""font-size28 colorDarkBlue medium"">쇠미산 숲길 평정코스 </p><p class=""font-size20 medium"">원광사 입구 - 자연생태학습장 1 - 구민의 숲 - 자연생태학습장 2 - 산어귀전망대 - 희망계단 - 만덕고개(철학로)</p>원광사를 지나쳐 숲길로 진입하는 길은 오르막으로 시작됩니다. 초반부터 오르막이라고 실망하시면 안돼요. 순간의 고통을 이겨내는 사람만이 진정한 힐링을 가질 수 있으니까요. 예로부터 돌이 많았던 산이라 군데군데 돌계단을 올라야하는 구간도 있지만 하늘을 가린 나뭇잎 사이로 쏟아지는 햇살과 걷는 내내 어여쁜 동행이 된 이름 모를 야생화 덕분에 즐거움 가득한 초행길을 경험할 수 있답니다. 구민의 숲까지 이어지는 등산로를 따라 발걸음도 가볍게 산길을 걸어 보자고요. 녹음이 우거지는 계절에서야 만날 수 있는 이 싱그러움이 울퉁불퉁 흙길을 상쾌하게 감싸주네요. 피톤치드 맛집이 바로 이곳이었나 봅니다. 하늘로 곧게 뻗어 올라간 소나무가 점점 많아지나 싶더니 어느 순간 빽빽한 소나무 숲이 나타납니다. 그 이름도 유명한 구민의 숲 소나무 군락지입니다. 향긋한 솔향기 아래 잠시 앉아 리프레시!구민의 숲 인근에는 자연생태학습장이 두 곳이나 있어요. 자연 습지인 이곳은 개구리와 도룡뇽의 집단 서식지로 아이나 어른이나 신기한 생태체험을 할 수 있는 곳입니다. 습지를 가로질러 놓인 나무데크 양 옆으로 만개한 노란 꽃창포가 장관을 이루고 있네요. 물가에 있어 더 예뻐 보입니다.눈 호강 제대로 한 뒤엔 평탄한 오솔길 따라 산어귀전망대로 향합니다. 정상엔 못 올라도 산에 왔으니 도심 전망은 한 번 보고 내려가야죠. 이 곳 전망대에서는 동래 전체 시가지와 멀리 해운대 장산까지 조망이 가능하답니다. 눈 아래 펼쳐진 도심 풍경을 바라보며 시원하게 불어오는 바람을 즐겨보세요.행복은 멀리 있지 않아요.남아있는 희망계단과 철학로 코스는 오늘의 초보산행을 마무리하는 구간입니다. 400여 개의 나무계단을 묵묵히 내려와 철학로에 다다르면 차도와 인도로 나눠진 길과 만나게 되지요. 철학로를 천천히 걸으며 하루를 정리하는 시간을 가지다 보면, 어느 새 버스가 오고가는 도심에 도착한 자신을 발견하게 된답니다.자연이 주는 초록빛 힐링의 시간을 일상으로 가져와 보세요. 1시간 30분 정도의 이 짧은 산행이 어쩌면 답답한 현 시기를 시원하게 날려줄 수도 있을 것 같아요.아무쪼록 우리 서로 안녕하도록 해요!"
"791","우중산책(한, 중간)","도보여행","35.16982","128.97298","삼락생태공원, 부산시민공원","우중산책","비 내리는 공원이 더 좋아!","삼락생태공원부산김해 경전철 괘법르네시떼역 1번 출구 도보 16분주차 삼락생태공원 공영주차장부산시민공원도시철도 1호선 부전역 7번 출구 도보 15분동해선 부전역 2번 출구 도보 10분주차 부산시민공원 주차장","-","https://www.visitbusan.net/uploadImgs/files/cntnts/20200618204607665_ttiel","https://www.visitbusan.net/uploadImgs/files/cntnts/20200618204607665_thumbL","비를 좋아하시나요, 아니면 싫어하시나요? 즐거움과 설렘 가득한 여행 중 내리는 비는 반갑지 않은 손님일 수 있습니다. 하지만 비 오는 날이어야만 가질 수 있는 색다른 경험도 있어요. 같은 장소도 다른 풍경으로 다가오는 우중산책, 비가 와서 더 아름다운 부산의 공원으로 나가 볼까요?<p class=""font-size28 colorDarkBlue medium"">삼락생태공원</p>다소곳이 비가 내리는 날에 하염없이 연꽃을 바라봅니다. 삼락생태공원의 연꽃단지는 더욱 짙어진 색감으로 여행자를 반겨줍니다. 비와 연꽃이 어찌나 잘 어울리는지, 희고 붉은 연꽃에게서 눈을 뗄 수가 없습니다. 꽃잎 위로 옹기종기 모여 있는 빗방울을 보니 저절로 입가에 미소가 번집니다. 햇빛이 좋은 날 느꼈던 따스함은 없지만 차분하게 가라앉은 분위기가 마냥 싫지만은 않습니다.   비 오늘 날이 바로 연꽃 활짝 핀 삼락생태공원으로 우중산책을 떠날 적기입니다.우산 위로 떨어지는 빗소리가 ‘타다닥, 탁탁’ 박자를 만들어 냅니다. 인적 없는 공원에서 들리는 규칙적인 빗소리는 심신을 더욱 편안하게 만듭니다. 다양한 산책로가 있는 넓은 공원은 발걸음이 닿는 곳마다 색다른 풍경을 보여줍니다. 차분히 여행자를 반기는 초록의 가로수 길을 걸으며 혼자만의 산책로를 가져보세요.주소 부산광역시 사상구 낙동대로 1231<p class=""font-size28 colorDarkBlue medium"">부산시민공원</p>평소 피크닉을 즐기는 가족들, 반려견과 산책하는 시민들로 가득한 부산시민공원은 비가내리면 잠시 주춤해집니다. 너무 한적해서 광활해 보이기까지 한 시민공원에서 비를 만나 더욱 싱그러워진 나무와 꽃들을 만납니다. 잘 정돈된 도심 속 자연이 주는 편안함, 그 속에서 평화로운 힐링을 즐길 수 있답니다. 비 오는 날의 운치 또한 한가득 내어주는 곳이기도 합니다.보도블록으로 깔끔하게 정돈된 산책로 덕에 우중산책의 불편함이 전혀 없습니다. 질척임 1도 없는 안전한 산책로를 맘껏 즐겨보세요. 해바라기길, 대나무길, 데크길 등 다양한 테마의 산책로가 지루할 틈을 주지 않아요. 돌 틈 사이 피어오른 이름 모를 야생화, 나무를 타고 오르는 담쟁이넝쿨까지, 작은 것들 하나하나 세심하게 살필 수 있습니다. 이것이 바로 우중산책의 묘미 아닐까요?비 내리면 고민 말고 부산시민공원으로!주소 부산광역시 부산진구 시민공원로 73이제 비 내리는 부산여행도 소중한 추억으로 남을 거예요. 한 손엔 우산, 다른 한 손엔 카메라 들고 촉촉하게 젖어드는 감성사진 마구마구 찍어주세요!"
"857","남파랑길(한)","도보여행","35.0464","128.96259","남파랑길 4코스","남파랑길 4코스","마음이 답답할 때, 좋은 풍경 보며 걸어볼까?","-","-","https://www.visitbusan.net/uploadImgs/files/cntnts/20200804174348956_ttiel","https://www.visitbusan.net/uploadImgs/files/cntnts/20200804174348956_thumbL","누구에게나 문제없는 날은 없고 고민 없는 날도 없다. 고민이 내 머릿속에서 슬금슬금 기어 나와서 어깨 위에 올라타고 나를 짓누르기 시작하면 나는 '아, 모르겠다, 일단 걷고 돌아와서 마저 고민하자' 생각하면서 밖으로 나간다. 걸으면서 고민을 이어갈 때도 있다. 하지만 신기하게도 걷는 동안에는 어쩐지 그 고민의 무게가 좀 가벼워지는 듯한 느낌이 든다.- 책, 걷는 사람 하정우 중에서마음이 답답할 때, 고민이 머릿속에 한가득일 때 여러분은 무엇을 하시나요? 집에서 편안하게 휴식을 취할 수도, 좋아하는 책을 읽을 수도, 맛있는 음식을 먹을 수도, 마음을 털어놓을 수 있는 친구를 만날 수도 있는데요. 때론 좋은 풍경을 보며 무작정 걷는 게 도움이 될 때가 있어요. 마음이 답답해서 다녀온 남파랑길4코스는 어떤 매력이 있는지 소개할게요.부산 남파랑길4코스는 감천에너지파크에서 시작해 신평동 교차로까지 걸을 수 있는 코스예요. 이 코스는 참 넓은 아량을 가진 부산 같으면서도, 부산 사람 냄새를 물씬 풍기는 코스예요. 산과 바다 그리고 전통 수산시장과 아파트들을 가로지르며 부산만이 가질 수 있는 포용력을 느낄 수 있는 길이에요.감천 문화마을도 아니고 감천 에너지파크에서 시작하는 길이다 보니 여기가 어딘가 싶기도 했어요. 간단하게 생각하면 다대포에서 송도로 넘어가는 길목에 있는 곳이 감천에너지파크예요. 이때까지 생각지도 못했어요. 간단한 트래킹 코스일 줄 알았는데 조금은 힘든 여정이 기다리고 있었다는 걸… 그렇게 휴식공간도 많은 감천에너지파크에서 나와 감천항쪽으로 걸어갔어요.처음 코스는 차들도 많이 다니고, 중간에 그늘이라고는 없는 길들의 연속이었어요. 냉동창고들이 많은 길이며, 바다가 바로 옆에 있어서 그런지 바다 냄새가 참 많이 났어요. 바다 냄새 덕분에 어떤 누가 걸어도 이곳이 부산이구나라는 느낌이 자연스레 들 것 같았어요.첫 고비라 생각이 들었던 성황당나무에서 두송반도 임도 입구로 가는 길은 산복도로를 연상케 했어요. 차 하나 겨우 지나가는 길과 가파른 경사가 저를 반기고 있었어요. 그 좁은 도로를 지나 발견한 임도 입구. 반갑기도 했지만 감당이 안 되는 더위가 시작되고 있어서 사실 고민을 많이 했지만 묵묵히 걸어갔어요.입구에 혼자 걷기에는 무리가 있으니 꼭 동행을 구해서 가라는 문구가 있었어요. 살짝 겁이 나기도 했지만 천천히 오르막과 내리막을 걸으며 멀리 보이는 바다까지 다 걸어보자 마음을 다 잡았어요. 주변 풍경을 둘러보며 저 멀리 보이는 바다를 향해 나아갔어요.그렇게 묵묵히 걸어가다 갈림길에서 아래로 내려오다 보니 멀리 다대포 바다도 보이는 것 같았어요. 예쁜 풍경에 힘을 내서 다대포항과 낫개항이 보이는 곳까지 열심히 걸었어요.생각보다 너무 예뻤던 바다 풍경. 일반적으로 아는 부산 바다의 느낌이 아닌 날것의 부산 바다였어요. 세련된 해운대와 광안리에는 느낄 수 없는 부산만의 거칠고 생명력이 느껴지는 바다의 느낌을 받았어요. 통일 아시아드 공원을 지나 다대포 시장으로 향하다 보니 중간에 편의점이 있었어요. 편의점에 들어가 이온음료를 사 먹고 잠시 휴식을 취했어요. 걸을 때 중요한 건 무작정 걷는 게 아닌 적절하게 휴식을 취하며 체력을 보충하는 거니까요. 체력을 충전하고 앞으로 남은 코스를 향해 부지런히 걸음을 옮겼어요.남파랑길4코스에서 가장 기대가 된 몰운대에 도착했어요. 입구에서부터 시원한 산림의 바람이 불어와서 느낌이 너무 좋았어요. 지나가는 분들에게 인사도 하며 들어간 몰운대는 정말 좋고 행복했어요. 걸으면서 들었던 힘듦과, 마음에 가득했던 답답함이 점점 사라지며 힐링을 받는 느낌을 받았어요.  이 기분을 느껴 본건 담양 메타세쿼이아 길 다음으로 처음이었어요.몰운대를 한 바퀴 돌고 나와 다대포에서 여름을 즐기는 사람들을 바라보며 다대포 고우니 생태 길을 걸었어요. 푸른 하늘과 바다가 청량하게 느껴졌어요. 다대포는 노을이 정말로 유명한 곳이라 남파랑길4코스에 다시 오게 된다면 노을 시간에 맞춰서 와야겠다는 생각이 들었어요.그리고 이어지는 해안산책로는 정말 부산에서 자랑해도 될만한 산책로였어요. 북구 강변까지 이어지는 해안산책로는 바다와 함께 걷는 느낌이 났어요. 해안산책로 중간중간 휴식공간과 화장실까지 완벽하게 구비되어 있어서 정말 좋았어요.부산에 이렇게 깔끔한 산책로가 있을까 생각하며 도착한 곳은 장림포구. 부네치아라는 별명이 있는 장림포구는 실제로 배에서 필요한 자재들의 창고를 알록달록 꾸민 곳이에요. 이탈리아 베네치아 느낌이 나서 알록달록한 벽에서 인증샷을 찍으러 사람들이 많이 찾기도 해요. 주변에는 드론 체험을 할 수 있는 곳과 각종 어묵가게들, 소품샵들이 있었어요. 장림포구를 지나 해안산책로를 따라 걷다 보면 낙동강 수문이 나오고 남파랑길 4코스가 끝이 난답니다.힘든 코스를 시작으로 편안한 느낌을 주는 정돈된 해안산책로 코스까지. 남파랑길4코스는 부산의 매력을 충분히 느낄 수 있는 걷기 코스였어요. 푸른 바다가 끝없이 이어지는 해안산책로 코스에서는 마음의 안정을 얻을 수 있어서 정말 좋았답니다. 언젠가 마음의 안정이 필요할 때는 남파랑길4코스를 걸어보세요.남파랑길 4코스 거리21.7km남파랑길 4코스 소요 시간6시간"
"859","구덕문화공원(한)","도보여행","35.12617","129.00514","구덕문화공원","오늘의산책_구덕문화공원","울창한 숲 속 푸르름을 내것으로!","도시철도 1호선 서대신역 4번 출구 → 마을버스 서구1 환승 → 구덕꽃마을 하차 도보 10분주차 구덕문화공원 주차장","-","https://www.visitbusan.net/uploadImgs/files/cntnts/20200812172315522_ttiel","https://www.visitbusan.net/uploadImgs/files/cntnts/20200812172315522_thumbL","많은 시간을 집안에서 보내는 일이 많아진 요즘입니다. 코로나 상황이 종료되는 그날까지는 언택트 트렌드에 맞춰 거리두기가 가능한 야외활동 장소를 찾을 수 밖에 없는데요, 부산 서대신동 꽃마을에 인접한 구덕문화공원으로 한적한 산책 한 번 나가실래요?구덕산 숲 속에 위치한 구덕문화공원은 울창한 숲이 우거진 산책로를 걸으며 마음의 평온을 얻을 수 있는 보물 같은 장소입니다. 싱그러운 초록의 숲이 전해주는 밝고 건강한 에너지를 한껏 누릴 수 있는 곳이에요. 숲길 일주를 하는 데 대략 40~50분 정도 소요되는 제법 넓은 공원입니다. 시간의 여유를 가지고 충분한 숲 속 힐링을 느껴보세요. 구덕문화공원에서 바라보이는 전경도 압권이랍니다. 구덕산 자락에 위치한 공원이다 보니 부산의 전경과 바다가 파노라마처럼 펼쳐집니다. 시원하게 트인 도심과 자연의 조화로운 경치를 마음껏 감상한 후 본격적인 숲길 탐방에 나섭니다. 편백나무ㆍ소나무ㆍ굴참나무 등 다양한 수목이 울창한 숲을 이루고 있어 그 자체로 공기청정구역이라 할 수 있습니다. 평탄하게 잘 조성된 산책길을 자박자박 걷다 보면 자연스레 삼림욕 트레킹을 즐길 수 있어요.공원 내 다양한 문화공간들도 눈길을 사로잡습니다. 적당한 규모의 목석원예관에도 꼭 한 번 들러 보세요. 숲 속에서 만난 자연과는 다른 느낌의 아담한 정원을 둘러 볼 수 있답니다. 귀여운 스머프 동산에서는 유명한 출연진(?)들을 직접 만나볼 수 있어요. 버섯마을에 나타난 음흉한 가가멜과 아즈라엘, 그들에 맞서는 파란얼굴의 스머프 친구들, 오랜만에 만나니 더욱 반가워요!또 다른 산책로엔 길을 따라 신기한 석상들이 많이 보인답니다. 제 각각 다른 얼굴에 다양한 표정이 관심을 끌기에 충분해요. 하나하나 자세히 들여다보다가 나도 모르게 석상의 재미있는 표정을 따라 짓고 있을지도 몰라요. 산책로 중간중간 만나게 되는 자생화 군락도 놓치지 마세요. 살랑살랑 부는 바람에 실려오는 꽃 향기가 기분을 한층 상쾌하게 만들어 주니까요."
"998","구봉산치유숲길(한, 영)","도보여행","35.125202","129.02582","구봉산 치유숲길","오늘의산책_구봉산 치유숲길","편백향 가득한 나만의 힐링숲","도시철도 1호선 부산진역 1번 출구 → 마을버스 동구2 환승 → 수정아파트5동 하차 도보 10분주차 구봉산 치유숲길 공영주차장","-","https://www.visitbusan.net/uploadImgs/files/cntnts/20200915143610188_ttiel","https://www.visitbusan.net/uploadImgs/files/cntnts/20200915143610188_thumbL","산이 많은 부산의 가장 큰 매력 중 하나는 걷기 좋은 숲길이 정말 많다는 것입니다. 크고 작은 산을 품은 채 도심이 형성된 덕에 동네마다 조성된 숨겨진 숲 속 산책로가 많아요. 구봉산 치유숲길 또한 부산 동구에 숨어 있는 힐링숲입니다. 편백향 가득한 이 곳 치유숲길에서 휴식과 여유를 즐겨 볼까요?산허리를 가로지르는 산복도로가 구봉산 등산로와 이어진 자락, 그 끝에서 구봉산 치유숲길을 만날 수 있습니다. 치유숲길 안내센터를 기점으로 5가지 코스의 치유숲길이 있답니다. 각 코스별로 짧게는 30분, 길게는 1시간 정도 소요되는 구간으로 나뉘어 있어요. 평탄한 흙길 산책로는 물론 깔끔하게 조성된 데크길이 숲 속 산책을 부담 없이 즐길 수 있도록 해 줍니다. 숲길 가득 빽빽한 편백나무가 하늘을 향해 높이 뻗어 있습니다. 치유숲길에 들어서는 순간 상쾌한 기운이 온 몸을 감싸주니 기분 좋은 에너지가 무한충전 되는 듯 합니다. 울창한 숲 한가운데서 잠시 가던 길을 멈추고 마음껏 피톤치드를 음미해 보세요. 새들이 선물하는 아름다운 선율도 감상하고 나무 그늘 사이로 비치는 온화한 햇살도 듬뿍 받아가세요.산책로를 따라 걷다 보면 얼마 지나지 않아 다양한 테라피 시설을 만나게 됩니다. ‘치유’라는 테마에 맞게 누구든 자연 속에서 휴식과 여유를 즐길 수 있도록 조성된 치유필드입니다. 초량천을 중심으로 5개의 치유숲길 코스가 이어져있고 각 코스는 경사가 완만하고 걷기 편한 숲길로 조성되어 있습니다. 초량천에서 흘러내린 계곡물이 발물놀이장으로 이어집니다. 노천탕을 연상시키는 이 곳은 시원한 계곡물에 발 담그고 앉아 짙어진 녹음을 음미할 수 있는 아주 훌륭한 장소랍니다.치유필드 곳곳에 설치된 풍욕장, 와상의자, 해먹 등은 보는 것만으로도 운치가 있습니다. 편백림에 둘러싸인 치유의 공간에서 사색과 명상을 즐기는 것도 좋을 것 같습니다. 숲에 있으니 새소리, 물소리, 바람소리가 사람을 위로합니다. 심신이 안정되고 편안해지는 숲의 시간을 천천히, 아주 천천히 즐겨 보세요.치유필드를 관통하는 나무계단을 오르는 동안에도 상쾌한 편백향이 가득합니다. 이곳에서 뿜어져 나오는 피톤치드의 양이 엄청날 것 같은 기분 좋은 예감이 드네요. 길 양 옆으로 늘어선 빼곡한 숲을 구경하며 치유숲길 전망대를 만납니다. 시원하게 펼쳐지는 부산항 뷰맛집이 이곳에 있었네요. 이곳 전망대의 풍광도 잊지 말고 담아 가세요. 구봉산 치유숲길에서 산림치유 제대로 한 번 해볼까요?"
"1007","허경환과 함께 걷는 평화로(한)","도보여행","35.12783","129.09764","유엔기념공원, 부산박물관, 평화공원, 유엔조각공원","허경환과 함께 걷는 평화로","허경환 교생선생님~평화로에 대해 알려주세요!","유엔기념공원도시철도 2호선 대연역 3번 출구 도보 18분버스 134, 68, 138, 138-1, 1006 유엔공원?부산문화회관 하차부산시티투어버스 : 부산역(레드라인) → 유엔기념공원 하차","-","https://www.visitbusan.net/uploadImgs/files/cntnts/20201029104730931_ttiel","https://www.visitbusan.net/uploadImgs/files/cntnts/20201029104730931_thumbL","사라질 듯 사라지지 않는 코로나19와의 긴 동행으로 이 좋은 계절을 그냥 보내기가 아쉽다면 걷기 좋은 부산의 도심길을 산책해 보세요. 구석구석 부산의 진짜 모습을 발견할 수 있는 도보 코스가 다양하게 준비되어 있답니다. 자연과 역사가 깃든 아름다운 도보코스 평화로를 먼저 걸어볼까요? 답답한 일상에 새로운 활력소가 되어 줄 거에요. <p class=""font-size28 colorDarkBlue medium"">평화로코스</p><p class=""font-size20 colorDarkBlue medium""> 부산박물관 - 유엔기념공원 - 부산문화회관 - 국립일제강제동원역사관 - 유엔평화기념관 - 평화공원 ? 유엔조각공원</p>츤데레 또올쌤과 역사의 숨결이 고스란히 담긴 평화로 워킹투어를 시작하기 전에 코로나19 방역수칙 준수는 기본!!!오늘은 특별한 교생쌤이 오셨다죠? 궁금하세요? 궁금하면 500원!그분은 바로~~ 허경환 교생쌤입니다^^~아직 걷기 전이지만 벌써 분위기가 후끈후끈 하네요.세계 유일의 UN군 묘지로 참전용사들의 넋을 위로하는 유엔기념공원. 한국전쟁에 참전한 22개국의 국기가 가을바람에 펄럭이고 있습니다. 한걸음 걸음마다 6.25전쟁 참전의 역사가 녹여져 있는 유엔기념공원에 대해 또올쌤이 귀에 쏙쏙 들어오게 설명을 잘 해주십니다. 70년 전 대한민국이라는 작은 나라를 지키려 낯선 타국 땅을 밟은 청춘들을 기억하고 그들이 있어 우리가 존재한다는 것을 되새기며 유엔기념공원을 천천히 걸어봅니다. 선생님을 따라 만보기 흔들며 열심히 걷다 보니 가을산책에 잘 어울리는 수목전시원과 평화공원을 지나갑니다. 물레방아에서 떨어지는 시원한 물줄기가 청량감을 더합니다. 알록달록 예쁜 야생화가 눈길을 사로잡고, 산책로 옆 실개천엔 다양한 생명이 발걸음을 멈추게 합니다. 닿는 곳곳마다 상쾌한 공기와 푸르름이 가득한 곳에서 자연의 풍요를 느긋하게 즐겨보세요. 계속되는 평화로 걷기는 유엔조각공원으로 이어집니다. 자유, 평화, 통일을 주제로 전시된 세계 각국 조각가의 작품들을 둘러보며 남구 평화로의 의미를 되새기는 시간을 가질 수 있어요.우리의 셀럽 허경환과 함께 한 평화로 걷기의 하이라이트, 퀴즈~타임! 또올 역사쌤의 설명을 잘 들으신 분들만 정답을 맞출 수 있습니다. 과연 어떤 문제가 출제 될까요, 집중~ 또 집중 (? ?_?)? 망설임 없이 번쩍 들어올린 팔에는 자신감이 넘치네요. 열정 가득한 학생들의 모습이 보기 좋습니다!허경환 교생쌤과 함께 걸어본 평화로, 엄숙하지만 평화로운 남구의 살아있는 역사를 직접 느껴보는 참된 시간이었습니다. 6.25 전쟁 당시 우리나라를 위해 목숨 바친 이들을 기억하고, 미래의 평화를 희망하는 자리가 되었기를 바랍니다~부산만이 가진 특별한 역사와 문화를 품은 도심길, 남구 평화로에서 뜻 깊은 도보여행을 즐겨보세요.** 코로나19의 여파로 부산박물관, 유엔평화기념관, 국립일제강제동원역사관은 이용제한이 있을 수 있으니 사전에 홈페이지 안내사항을 꼭 확인해 주세요."
"1017","사상근린공원(한)","도보여행","35.158855","128.9931","사상근린공원","오늘의산책_사상근린공원","아이들이 즐거운 야외 키즈카페","도시철도 2호선 감전역 2번 출구 도보 10분버스 129-1, 133, 169-1 사상근린공원 하차 도보 3분주차 사상근린공원 주차장","-","https://www.visitbusan.net/uploadImgs/files/cntnts/20201110135754722_ttiel","https://www.visitbusan.net/uploadImgs/files/cntnts/20201110135754722_thumbL","아이들이 마음 놓고 뛰어놀 수 있는 장소는 없을까 고민 중이라면 딱 맞춤형 사상근린공원으로 가보실까요? 테마형 미니 정원과 모험놀이장이 멋지게 조성된 사상근린공원, 아이들을 위한 야외 활동지로 주저 없이 손꼽히는 곳이랍니다.아기자기한 테마공원 사상정원은 날 좋은 날 나들이 하기 딱 좋은 곳입니다. 공원 전체가 경사진 곳에 조성되었지만 언덕을 오르는 길 사이로 예쁜 정원이며, 숲길이며, 포토존이며 그 모든 것이 매력적이랍니다. 다양한 종류의 야생화와 꽃나무가 풍성해 계절마다 그 모습을 달리하며 소소한 힐링을 전해주는 공간입니다.주차장에서 바로 연결되는 사상정원에 들어서면 맞이정원부터 시작해 언덕을 따라 네덜란드 정원,  프랑스 정원, 한국 정원, 일본 정원, 미로정원, 하늘정원, 사상전망대의 순서로 돌아볼 수 있습니다. 모두 아담한 크기의 미니 정원이지만 각 나라의 특징을 잘 살린 정원이랍니다. 넓고 화려하진 않아도 언뜻 미니어처를 보는 듯 신기해서 사진 한 장 꼭 남기고 싶은 그런 테마정원입니다.반대편 언덕에는 아이들을 위한 숲 속 모험놀이장이 있답니다. 대규모 야외 키즈카페라고 할까요?...^^ 테마별로 각각 구분되어 조성된 이곳은 맨 아래쪽부터 언덕 위쪽으로 모래놀이장, 숲속요새, 버섯놀이터, 미끄럼틀, 모험의 성, 잔디동산 등의 순서로 마음껏 놀이를 즐길 수 있어요. 아이들에게 인기 만점 모험놀이장은 시간 순삭과 함께 귀가 후 아이들 기절을 부르는 훌륭한(?) 놀이터랍니다.경사로를 따라 느긋하게 걸으며 상쾌한 숲 속 공기 만끽할 수 있는 사상근린공원, 가족단위 피크닉을 즐기며 아이들이 신나게 뛰어놀 수 있는 곳. 자연과 더불어 온전한 하루를 만끽할 수 있는 사상근린공원에서 활력 충전하고 가세요!"
"1022","배산숲길(한,영)","도보여행","35.18016","129.09602","배산숲길","오늘의산책_배산숲길","초보들의 등산 입문 코스","도시철도 3호선 배산역 6번 출구 도보 20분버스 1, 131, 141, 20, 5-1, 51, 57, 62, 63 배산역 하차 도보 20분주차 인근 주차장","-","https://www.visitbusan.net/uploadImgs/files/cntnts/20201127131930366_ttiel","https://www.visitbusan.net/uploadImgs/files/cntnts/20201127131930366_thumbL","등산 초보인 사람 다 모여라~! 동글동글하고 나지막한 배산(256M)에 깨알같이 조성된 둘레길, 운동화 끈 동여매고 초보 맞춤형 트레깅을 시작해 보세요. 울창한 나무숲이 둘레길을 감싸고 있어 싱그러움 가득한 기분 좋은 트레킹 코스가 될 거예요. 산이 많은 부산에서 주변이 온통 주택가로 둘러싸인 배산은 조금 높은 동네언덕 정도로 생각하면 될 것 같아요. 배산 둘레길을 완주하는데 넉넉잡아 1시간이면 충분할 정도니까요. 동네분들의 데일리 트레킹 코스이기도 하거니와 높이가 낮은 덕에 남녀노소 누구나 부담 없이 도전해 볼 만한 산입니다. 경사도가 있는 구간을 선택하려면 도시철도 3호선 배산역에서 연산배수지 방향으로 오르는 코스를, 조금 완만하게 시작하고 싶다면 연산동 고분군에서 시작하는 코스를 선택하면 좋을 것 같아요. 물론 이 두 코스 외에도 배산 주위 등산로는 아주 다양합니다. 어느 곳에서든 바로 숲길 트레킹을 시작할 수 있어요. 가벼운 발걸음이 연산동 고분군으로 향합니다. 빽빽한 초록의 숲, 상쾌한 풀 내음 만끽하며 느긋하게 걷습니다. 나만의 작은 오솔길을 따라 걷다가 연산동 고분군을 만납니다. 연산동 고분군은 삼국시대 지배계층의 무덤이 모여있는 곳이죠. 생각보다 규모가 커서 한 바퀴 알차게 걸으면 본격 트레킹 전 몸 풀기로 제격이랍니다.연산동 고분군 입구의 반대편에서 배산숲길과 바로 연결됩니다. 약간의 계단길을 올라 평탄한 숲길을 만나면 무작정 걷습니다. 산은 낮지만 울창한 숲은 여느 높은 산 못지 않습니다. 나무 사이로 내리쬐는 햇살, 더없이 맑은 공기, 산들산들 부는 바람을 즐기세요. 둘레길 곳곳에서 만나는 자연의 신비한 생명력 느끼며 배산숲길이 선사하는 트레킹의 묘미를 찾아보세요. 걷기 좋은 둘레길을 따라 각종 운동기구가 비치되어 있고, 편히 앉아 쉴 수 있는 쉼터도 잘 되어 있답니다. 난이도 있는 구간이 별로 없어 체력보충용 먹을 거리를 특별히 챙겨야 할 필요는 없지만 따뜻한 커피 한 잔 즐기며 쉬엄쉬엄 가는 것도 기분 좋을 것 같아요. 둘레길을 완주하고 나면 이정표를 확인하면서 배산 정상으로 향해 보세요. ‘벌써 정상이야?’ 하는 곳에 떡 하니 자리하고 있는 정상석, 기념 사진 한 장 남겨야겠죠? 정상석 뒤편으로 보이는 바위는 손꼽히는 뷰 포인트입니다. 손에 잡힐 듯 가까이 펼쳐지는 부산 전경을 만끽하세요.뺨을 스치는 바람의 온도가 차가워지는 시기, 외출복이 더 두꺼워지기 전에 배산숲길 한번 다녀오세요!"
"1079","기장의 숨은 산책 코스(한)","도보여행","35.25993","129.23376","용소웰빙공원, 신평소공원, 일광해수욕장","부산 기장의 숨은 산책 코스","-","-","-","https://www.visitbusan.net/uploadImgs/files/cntnts/20210429111644090_ttiel","https://www.visitbusan.net/uploadImgs/files/cntnts/20210429111644090_thumbL","부산에서 걷기 여행 해보는 거 어떤가요? 부산 기장에는 숨은 공원과 산책로가 많은데요!?일반적인 공원부터 숲뷰와 바다뷰까지! 예쁜 걷기 길로 가득한 기장입니다.주말에 가족들과 함께 나들이 하기도 좋고, 남녀노소 걷기에도 좋은 기장의 숨은 산책 코스 알려드립니다!<p class=""font-size24 colorDarkBlue medium"">[1] 도심 속에서 찾은 숨은 산책 코스 ""용소웰빙공원""</p>사계절 내내 아름다운 자연풍경을 느끼며 숲길 산책로를 따라 걷고 용소골저수지를 즐길 수 있는 숨은 산책 코스 중 하나입니다. 저수지에서 은은하게 불어오는 바람을 느끼며 여유롭게 봄 내음을 맡으며 즐기는 산책의 즐거움은 또 다른 기장을 느낄 수 있는 공간입니다.주말이면 아이들과 함께 나들이를 즐길 수 있고, 아름다운 수변 데크를 따라 걸으면서 운동도 하고 건강도 지킬 수 있는 남녀노소가 행복하게 산책할 수 있는 곳입니다.어린아이부터 어르신까지 모두가 즐길 수 있는 가족 단위 산책러분들에게 추천드립니다!<p class=""font-size24 colorDarkBlue medium"">[2] 이색적인 산책을 즐기고 싶다면 ""신평소공원""</p>비대면 여행지로 많은 사랑을 받기 시작한 신평소공원은 집 주변에서 흔히 볼 수 있는 평범한 공원과 달리 이색적인 조형물이 시선을 사로 잡는 곳입니다.높이 15m 폭 12m에 배조형물전망대는 이색적인 풍경으로 산책의 즐거움을 선물합니다.산책로를 따라 걷다 보면 시원하게 펼쳐진 푸른바다가 있고 산책로 아래로는 퇴적층이 노출되어 있어서 더욱 특별합니다.약 10분 정도면 모든 곳을 둘러볼 수 있는 작은 공원이지만 산책을 즐기는 내내 바다를 볼 수 있다는 점에서 부산에서 꼭 다녀와야 하는 산책로 중 하나입니다!<p class=""font-size24 colorDarkBlue medium"">[3] 바다 위를 걷는 아름다운 산책 ""일광해수욕장 데크길""</p>일광해수욕장에서 학리방파제에 이르는 구간까지 예쁜 바다 위를 걸을 수 있는 데크길이 조성되면서 현재는 산책하기 좋은 곳으로 사랑을 받고 있습니다.일광역에서 가깝게 찾을 수 있는 곳으로, 남녀노소 누구나 쉽게 접할 수 있는 산책코스입니다. 일광해수욕장과 함께 데크길을 걸으면 시원하게 펼쳐진 바다를 보고 바다 위까지 걸을 수 있는 재미있는 산책코스를 즐길 수 있는 곳입니다.사계절 내내 푸른 바다와 푸른 해송은 또 다른 산책의 이유를 선물하기도 합니다.주말 나들이로 일광해수욕장 데크길 어떠세요?"
"1139","만덕고개누리길전망데크 (한,영,중간,중번,일)","도보여행","35.21414","129.05618","만덕고개누리길전망데크","숲길 산책에 야경까지! 만덕고개누리길전망대","글·사진 여행작가 문철진","도시철도 4호선 미남역 11번 출구 → 버스 33-1 환승 → 만덕터널입구 정류장 하차, 도보 30분도시철도 4호선 미남역 11번 출구 → 택시 이용 12분","-","https://www.visitbusan.net/uploadImgs/files/cntnts/20210917160703645_ttiel","https://www.visitbusan.net/uploadImgs/files/cntnts/20210917160703645_thumbL","산이 많은 도시 부산. 동래구와 금정구, 북구에 넓게 걸쳐 있는 금정산은 부산의 여러 산 중에서도 맏형이다. 해발 800m 고당봉을 중심으로 산등성이가 부산 중심부로 이어지면서 부산의 근간을 이룬다. 사방에 4개의 성문을 가진 금정산성이 있고 신라 고찰인 범어사를 품고 있다.만덕고개길은 금정산 남쪽에 위치한 옛길이다. 만덕터널이 생기기 전 동래와 구포를 이어주던 유일한 길이다. 상인들이 보따리 짐을 지고 동래장과 구포장을 오가던 산길이라 도적떼가 많았던 모양이다. 만 명이 무리를 지어 올라가야 도적을 피할 수 있다는 뜻으로 '만능 고개'라 불렀다는 전설이 있다. 지금의 '만덕고개'가 '만능 고개'에서 비롯됐다고 전해진다.만덕고개길 아래로 터널이 2개나 뚫리고 지하철까지 놓이면서 이제는 굳이 오를 필요가 없어진 길. 하지만 요즘 만덕고개길이 다시 부활하고 있다. 발아래로 펼쳐지는 멋진 야경과 구석구석 숨어 있는 다양한 볼거리 덕분에.?<p class=""font-size28 colorDarkBlue medium"">1. 만덕고개 누리길</p>만덕 1터널 입구 정류장에 내리면 오른쪽으로 곧장 만덕고개 누리길이 시작된다. 나무 데크를 따라 조금만 오르면 울창한 숲이 눈앞에 펼쳐진다. 사방에서 보이는 진한 초록에 두 눈이 금세 시원해진다. 풀 향기가 콧속을 파고들고 잔잔한 숲 바람이 귓불을 간지럽힌다. 주변의 모든 것이 불과 몇 분 전까지 머물렀던 도심의 풍경을 까맣게 잊을 만큼 생경하다.경사는 그리 급하지 않다. 금정산의 기운을 온몸으로 느끼며 천천히 걷다 보면 어느새 동래구과 북구의 경계지점인 굴다리에 닿고 여기서부터는 줄곧 내리막길이다. 만덕터널 입구 정류장에서 북구 재활용품 선별장까지 거리는 4.5km 정도. 천천히 걸어도 2시간이면 도착할 수 있다.?<p class=""font-size28 colorDarkBlue medium"">2. 카페 만덕고개길436</p>만덕 1터널 입구에서 만덕고개 누리길을 따라 조금만 걸으면 숲속에 숨어 있는 카페가 나타난다. 주소를 그대로 이름으로 만든 '만덕고개길436'이다. 만덕고개길에 살았다는 달토끼를 모티프로 만든 카페는 무엇보다 정원이 눈에 띈다. 울창한 나무들 사이에 오목하게 들어앉은 공간에 야외 테이블이 듬성듬성 놓여 있어서 마치 숲 속에서 캠핑을 하는 듯한 기분이 든다. 자연을 오롯이 품고 자연과 어우러지는 모습이 카페 만덕고개436의 매력 포인트다.조명이 불을 밝히는 밤에는 로맨틱한 공간으로 변신한다. 풀벌레 소리를 들으며 마시는 향긋한 커피 한 잔은 하루의 피로를 말끔히 풀기에 충분하다. 도심 속에서 이렇게 자연 친화적인 카페를 만날 수 있다는 것만으로도 찾아갈 가치는 충분하다.?<p class=""font-size28 colorDarkBlue medium"">3. 금강대 옥불사</p>카페 만덕고개 436을 출발해 1km 남짓 길을 따라 걸어 올라가면 금강대 옥불사를 만난다. 입구로 들어서면 포장이 안 된 숲길이 나오고 이내 가파른 경사가 시작된다. 경사의 끝에 금강대 옥불사가 자리하고 있다.십이지신이 수호하는 경사로를 지나 계단을 오르면 비로소 경내로 들어간다. 가파른 산세와 기암괴석이 병풍처럼 건물들을 두르고 있는데 커다란 바위에 새겨진 불상이 눈에 띈다. 금강대 십일면 관세음보살 마애불이다. 6m 높이의 돋을새김 석불로 11개의 얼굴 모습을 나타냈다.마애불 앞에 서면 발아래로 동래는 물론이고 멀리 장산까지 시원스럽게 펼쳐진다. 절집 건물들이 일반 사찰과 사뭇 달라서 구경하는 재미가 있다. 사람이 많지 않아서 차분한 마음으로 잠시 쉬어 가기에 좋은 곳이다.<p class=""font-size28 colorDarkBlue medium"">4. 쉼터</p>만덕고개 누리길 산책로는 완만한 경사를 유지하며 구불구불 이어진다. 아이들도 걸을 수 있을 정도의 경사라 크게 힘들거나 숨이 차지는 않는다. 그래도 산행에 익숙하지 않다면 산책로 중간 중간에 마련된 쉼터에서 잠시 땀을 식히면 된다.쉼터에 서면 아름드리나무들 사이로 도심 풍경이 보일듯 말듯 아스라이 보인다. 큰 도로에서 불과 몇 백 미터 올랐을 뿐인데 도심에서 아주 멀리 떨어진 곳에 있는 것 같은 느낌이다. 가끔 자동차 길을 따라 지나갈 뿐. 고요한 숲길을 나 홀로 차지하고 있는 기분이 꽤나 매력적이다.?<p class=""font-size28 colorDarkBlue medium"">5. 만덕고개 누리길 전망데크</p>옥불사에서 쉼터를 지나면 이제 끝이 보인다. 이번 여행의 종착점이자 목적지인 만덕고개 누리길 전망데크가 코앞이다. 깊은 숲길을 걷고 있었는데 어느 순간 옆이 확 트인 공간이 나타난다. 그리곤 숨어 있던 도심 풍경이 영화처럼 촤르르 펼쳐진다. 이 멋진 포인트를 놓칠 리 없다. 친절하게 전망데크를 만들어 두었다. 가파른 절벽 위에 세워 마치 공중에 붕 떠 있는 듯 아찔하다. 데크 위에 서서 산 아래를 굽어보니 부산이 한눈에 들어온다. 멀리 센텀시티가 보이고 그 뒤로 푸른 바다가 넘실댄다. 왼쪽으로 동래구, 오른쪽으로 연제구와 부산진구가 눈에 들어온다. 멀리 장산과 배산, 황령산도 보인다. 땀을 흘리며 한 시간 남짓 고갯길을 걸어온 보람이 비로소 느껴진다.?해가 질 무렵에 맞춰 만덕고개 누리길을 오른 덕분에 부드러운 햇살이 도심 속으로 스며들다가 노랗게 물들어가는 멋진 일몰을 제대로 만났다. 도심 속에서 부품처럼 바쁘게 움직일 땐 미처 몰랐던 아름다운 풍경이다.뉘엿뉘엿 해가 넘어가는 시간이 되자 사람들이 데크 주변으로 몰려든다. 두 손을 꼭 잡은 연인. 아이와 함께 온 가족. 카메라를 든 사진가들까지. 이제는 해가 지고 도심에 불이 켜지기를 기다린다. 산이 많은 부산에는 멋진 전망대들이 많지만 만덕고개 누리길 전망데크도 그들 못지않다. 걸어 와도 한 시간. 차를 타면 불과 10여 분 만에 도착할 수 있는 곳이라 드라이브 코스로도 요즘 인기가 뜨겁다.어둠이 내려앉고 도심의 건물들이 하나 둘 불을 밝힌다. 회색빛 도시에 푸른 기운이 도는가 싶더니 도로를 가득 메운 자동차들의 붉은 불빛이 창백한 도시에 생기를 불어 넣는다. 멀리서 불어온 바람엔 바다향이 묻어 있다. 머리 위에 뜬 초승달이 전망대 주변을 환하게 비춰준다. 더 이상 무엇이 필요할까.만덕고개 누리길은 밤이 되면 굉장히 어둡다. 가로등이 없기 때문에 손전등이 필요하다. 혹시 모를 사고에 대비해서 혼자보다 일행과 함께 오르길 추천한다."
"1143","도심 속 가을 힐링 산책로(한,영,중간,중번,일)","도보여행","35.0843","129.05833","봉래산 데크로드, 달맞이 곰솔군락지, 화지공원","Refresh! 도심 속 가을 힐링 산책로","완연한 가을, 걷기 좋은 부산 산책로 3곳","봉래산 데크로드도시철도 1호선 남포역 6번 출구 → 버스 9 롯데낙천대 정류장 하차, 도보 7분달맞이 곰솔군락지도시철도 2호선 해운대역 7번 출구 → 버스 200, 141 중동119안전센터 정류장 하차, 도보 10분화지공원도시철도 1호선 서면역 12번 출구 → 버스 33 정묘자 정류장 하차, 도보 5분주차 화지회관 주차장","-","https://www.visitbusan.net/uploadImgs/files/cntnts/20211007151317437_ttiel","https://www.visitbusan.net/uploadImgs/files/cntnts/20211007151317437_thumbL","선선한 바람과 드높은 하늘, 단풍잎이 하나 둘 예쁘게 물들어 갈 때면 산책하기 좋은 가을이 온다. 이런 날엔 숨 가쁘게 달려왔던 일상에서 벗어나 잠깐의 일탈을 즐기고 싶어지기 마련이다. 시끄럽고 혼잡했던 일상에서 벗어나 유유하고 자적하게, 가을의 정취를 물씬 느낄 수 있는 도심 속 힐링 산책로를 거닐어 보자.<p class=""font-size28 colorDarkBlue medium"">가장 부산다운 풍경, 봉래산 데크로드</p>영도 한가운데 우뚝 솟은 봉래산은 청명한 가을을 맞이하기에 이보다 더 좋을 수 없다. 봉래산을 오르는 방법은 다양하지만 보통 조내기고구마 역사공원에서 시작한다. 역사공원에서 산 정상을 향해 오르는 길엔 머리 위를 드리우는 울창한 수목이 우거져 있다. 피톤치드 가득한 편백숲 청량한 공기를 마시며 트레킹을 시작해 보자.도심 속에서 울창한 숲과 쪽빛 바다를 한 눈에 볼 수 있다면 얼마나 좋을까? 울창한 수목을 따라 하늘과 맞닿을 듯 지그재그 이어진 데크로드를 걷다 보면 탁 트인 바다와 부산 시가지의 모습이 한 폭의 그림처럼 펼쳐진다. 한층 깊어진 가을의 색, 거기에 시원한 바다까지 이것이야말로 ‘가장 부산다운 풍경’ 아닐까!<p class=""font-size28 colorDarkBlue medium"">색다르게 마주하는 부산, 달맞이 곰솔군락지</p>가을바람 시원한 날엔 바다가 내려다보이는 초록의 숲길을 가볍게 산책해 보는 건 어떨까? 이름은 생소하지만 달맞이고개에 있는 곰솔군락지를 한번 찾아가보자. 10분 완보하면 둘러 볼 수 있을 정도로 작은 규모지만 다양한 꽃과 곰솔군락을 마주하는 순간 상쾌한 기운이 온 몸을 감싼다. 생태학습장, 휴게쉼터, 데크탐방로, 생태탐방로 등 테마별 생태의 장도 풍성하다.W자로 지그재그 난 길을 따라 천천히 걸으면 어느 새 길의 끝자락에 다다른다. 아쉬움도 잠시 눈이 시리도록 푸른 바다를 배경으로 알록달록 모양도 귀여운 스카이캡슐이 레일을 따라 지나간다. 푸른 빛 바다 위를 유유히 달리는 기차라니! 익숙했던 부산의 모습을 새롭게 마주하는 순간이다.<p class=""font-size28 colorDarkBlue medium"">수령 800년의 배롱나무, 화지공원</p>온통 빽빽하게 들어찬 회색 도시 한복판에 유일하게 녹음을 머금고 있는 곳이 있다. 바로 정묘사 화지공원이다. 입구에 있는 커다란 현경문(顯景門)을 지나면 마치 영화 속 장면이 바뀌듯 색다른 풍경이 펼쳐진다. 길게 늘어선 향나무 따라 어디선가 사슴 한 마리가 튀어나올 듯한 동화 속의 작은 오솔길. 발에 밟히는 자갈마저 기분 좋은 소리를 낸다.오솔길 끝에는 너른 언덕 위로 800년 동안 우두커니 자리를 지킨 배롱나무가 있다. 우리나라에서 가장 오래되어 천연기념물로 지정된 배롱나무는 화지공원의 자랑거리다. 뜨거운 태양이 내리쬐는 여름이면 진분홍빛 꽃망울을 터트려 농염한 자태를 뽐내는 배롱나무. 꽃이 저버린 가을에는 여름만큼의 화려함은 없지만 무르익어가는 가을을 온전히 느낄 수 있다."
"1147","길 위의 풍경, 바다냄새 스민 부산의 골목(한,영,중간,중번,일)","도보여행","35.114506","129.03287","역사의디오라마, 민주공원, 밀다원시대, 금수현의음악살롱, 대청스카이전망대, 보수동책방골목","길 위의 풍경, 바다냄새 스민 부산의 골목","글.사진 김동우 작가","역사의 디오라마 : 도시철도 1호선 부산역 1번 출구, 도보 15분도시철도 1호선 부산역 6번 출구 → 부산역 정류장 버스 환승 508, 190 → 영주삼거리 정류장 하차, 도보 3분(택시 이용 7분)주차 중앙공원 공영주차장(유료)민주공원 : 도시철도 1호선 초량역 1번 출구 → 초량시장입구 정류장 버스 환승 508  → 중앙공원?민주공원 정류장 하차, 도보 6분도시철도 1호선 동대신역 3번 출구 → 동대신역 정류장 마을버스 환승 중구1  → 중앙공원?민주공원 하차 도보 5분버스 38, 43, 508, 70 중앙공원?민주공원 하차주차 중앙공원 공영주차장(유료)밀다원시대 : 도시철도 1호선 중앙역 7번 출구 → 제일은행앞 정류장 버스 환승 86, 186 → 부산디지털고 정류장 하차, 도보 5분주차 중앙공원 공영주차장(유료)금수현의 음악살롱 : 도시철도 1호선 중앙역 7번 출구 → 제일은행앞 정류장 버스 환승 86, 186 → 새들맨션 정류장 하차, 도보 7분주차 대청공영주차장(유료)대청스카이전망대 : 도시철도 1호선 중앙역 7번 출구 → 제일은행앞 정류장 버스 환승 86, 186 → 새들맨션 정류장 하차, 도보 7분주차 대청공영주차장(유료)보수동책방골목 : 도시철도 1호선 자갈치역 3번 출구 도보 13분버스 40, 81 보수동책방골목 하차","-","https://www.visitbusan.net/uploadImgs/files/cntnts/20211013175554587_ttiel","https://www.visitbusan.net/uploadImgs/files/cntnts/20211013175554587_thumbL","부산! 명소가 많아도 너무 많다. 한정된 시간에 빡빡하게 일정을 짜다 보니 자꾸만 욕심이 생긴다. 부산역을 빠져나온 여행자라면 곧장 길을 건너 영화 ‘올드보이’의 배경 ‘장성향’ 또는 ‘범죄와의 전쟁’, ‘신세계’ 촬영지로 유명한 ‘화국반점’에서 요기를 하자. 그리고 부산의 역사가 스민 산복도로(山腹道路)에서 여정을 시작해 보자. 발아래 펼쳐지는 시원한 부산 풍경을 감상하며 짭조름한 바다 냄새 스민 골목을 쏘다니다 보면 금세 여정이 정리될지 모를 일이다.부산의 역사를 압축해 보여주는 공간으로 산복도로만 한 곳도 없다. 경사지를 따라 빼곡히 들어선 가옥은 마치 피난민의 남루했던 삶과 부두노동자의 고단했던 하루가 빚어낸 하나의 예술작품 같아 보인다. 1960년대 중반 이 달동네를 가로지르는 도로가 만들어지는데, 사람들은 굽이치는 가파른 길 위를 달리는 버스 위에 몸을 싣고 학교로, 일터로 향했다. 점점 번듯한 집들이 들어서고 그렇게 동네는 변화를 맞는다. 민주공원으로 올라가는 길 중턱에 있는 ‘역사의 디오라마(Diorama)’는 이런 부산의 과거를 미적으로 풀어낸 공간이다. 이곳에는 관조, 남고(覽古), 응시, 전망 등 4가지 테마로 구성된 건축물이 들어서 있다. 거기엔 부산의 자연과 문화 그리고 근대역사를 관통해 미래로 가고자 하는 뜻이 담겨 있다. 그 의지는 발치 아래 펼쳐진 푸른 바다 조망과 어우러지며 완성된다. 역사의 디오라마에서 이어진 길을 따라 오르면 민주공원에 이른다. 산꼭대기 작은 조각공원 주변으로 사람들이 삼삼오오 모여 있다. 장기, 바둑으로 여가를 보내는 장면이다.어깨너머로 사뭇 진지한 한 판을 구경하고 조각공원 옆 출구로 나오면 북카페 ‘밀다원시대’에 닿는다. 한국전쟁 당시 부산에 피난 온 예술인들은 ‘밀다원 다방’을 아지트처럼 썼는데 김동리는 1955년 이 다방에 모인 예술인의 갈등과 삶을 ‘밀다원시대’란 제목의 소설로 그려낸 바 있다. 이를 모티브로 해 만들어진 카페가 바로 이곳인데 최근에는 ‘뷰 맛집’으로 입소문이 나고 있다. 통유리 앞에 자리를 잡고 커피를 마시며 멈춰 있는 듯 느릿느릿 바다 위를 부유하는 배들을 감상하는 건 빼놓을 수 없는 즐거움이다.커피에 음악이 빠질 수 있나. 카페를 나와 곧장 직진하면 얼마 못가 ‘금수현의 음악살롱’이 나온다. 지휘자 금난새의 아버지인 그는 경남 김해 출신으로 오랫동안 부산에서 교편을 잡고 후학을 양성한 교육자이자 음악가였다. 금수현(1919)은 음악시간에 한 번쯤 불러보았을 법한 가곡 ‘그네’의 작곡가인데, 이 노래는 1947년 어느 일요일 그의 장모였던 ‘김말봉’의 시를 읽은 선생이 모시한복 입은 여인이 평화롭게 그네를 타는 듯한 곡상이 떠올라 15분 만에 완성했다는 일화가 있다. 금수현은 1945년 광복을 맞자 조선독립만세 행진 때 널리 불렸던 ‘새노래’를, 이듬해 ‘8월 15일’ 노래를 작곡했다. 이후에는 음악 관련 간행물 등을 꾸준히 발간하며 우리나라 음악 발전에 기여한다. 이렇듯 마치 작은 음악 작업실처럼 꾸며진 ‘금수현의 음악살롱’에선 음악계에 한 획을 그은 그의 발자취를 천천히 더듬어 볼 수 있다. 특히 바로 앞 ‘대청 SKY 전망대’에서는 신선대, 부산항대교, 해양대, 영도 봉래산, 용두산공원 부산타워가 파노라마처럼 흘러간다. 이런 풍경은 산복도로라고 쉽게 만날 수 있는 장면이 아니다. 푸르름의 향연 앞에 넋을 놓기 딱 좋은 장소가 바로 이곳인 셈이다.길은 전망대에서 지척인 알록달록 색채 마을로 이어진다. 고유의 색을 통해 부산을 표현한 마을. 배수구 하나도 그냥 지나치지 않고 디자인적 재미를 더한 풍경은 그 자체로 하나의 미술관이라 해도 손색이 없다. 여기서 우산 지붕 계단을 지나 골목을 돌아 나가다 보면 어느새 보수동 책방 골목이다. 부산이 임시수도이던 시절 함경북도에서 피난 온 한 부부가 처음으로 헌 잡지 등을 내다 팔면서 자연스레 만들어졌다는 공간, 지식과 배움의 냄새가 있다면 바로 이 골목에 짙게 배어 있는 향기가 아닐까. 철이 지나 수명을 다한 것 같은 책들은 이곳에서 다시 새로운 에너지를 얻고 또 한 번 사람들의 시선을 끈다. 헌책만이 가치를 얻는 특별한 골목은 버려진 것들에 대한 재발견으로 오늘도 활기를 띤다."
"1155","태종대 비밀의 숲(한,영,중간,중번,일)","도보여행","35.0527","129.08775","태종대 비밀의 숲","태고의 신비가 느껴지는 태종대 비밀의 숲","글·사진 여행작가 문철진","도시철도 1호선 남포역 6번 출구 → 영도대교 정류장 버스 환승 30, 8→ 태종대?태종대온천 하차버스 8, 30, 66, 88, 101, 186 태종대?태종대온천 하차주차 태종대 주차장(유료)","-","https://www.visitbusan.net/uploadImgs/files/cntnts/20211027160632632_ttiel","https://www.visitbusan.net/uploadImgs/files/cntnts/20211027160632632_thumbL","부산을 대표하는 관광지 중 하나인 태종대. 워낙 유명하고 오래된 관광명소라 별다른 기대가 없을 수도 있겠지만 부산 사람도 모를 여행지가 그 속에 있습니다. 사람의 손길이 닿지 않은 태고의 자연을 만날 수 있는 곳. 이름 하여 태종대 비밀의 숲입니다. 태고의 신비가 느껴지는 그곳으로 함께 떠나 보시죠~<p class=""font-size28 colorDarkBlue medium"">태종대 비밀의 숲</p>태종대 유원지의 상당부분을 차지하는 태종산. 하지만 문화재보호구역인데다 산불예방을 위해 일년의 절반은 출입이 통제되는 곳이라 부산 토박이도 존재를 잘 모른다. 일부 주민들만 알고 드나들던 말 그대로 '비밀의 숲'이다.비밀의 숲으로 들어가는 문은 태종대 유원지 입구에 숨어 있다. 태종대를 그렇게 드나들면서도 전혀 눈치 채지 못 했던 돌계단이 바로 들머리다. 계단을 끝까지 오르자마자 오른쪽으로 난 숲길을 따라 가면 태종대 비밀의 숲길이 본격적으로 시작된다.태종대 입구에서 시작한 숲길은 법융사 뒤편을 따라 숲을 관통한 뒤 한국해양대와 오륙도가 보이는 해안절벽길을 지나 태종사까지 이어진다. 길이는 3.5km. 태종산을 한 바퀴 도는 둘레길이다. 시간은 1시간 30분~2시간 정도 소요된다.?이마에 맺혔던 땀이 식으면서 몸이 약간 싸늘해질 무렵. 콧속으로 짭짤한 바다 냄새가 훅 하고 들어온다. 여기서부터 바다가 내려다보이는 해안절벽길이 시작된다.철조망을 따라 성인 한 명이 겨우 지나갈 정도의 좁은 길은 사람의 손길이 전혀 닿지 않은 원시림에 가깝다. 고사리 군락이 한참이나 이어지더니 이끼가 가득 낀 계곡이 나타나고 커다란 바위가 길을 막기도 한다. 특히 양치식물들이 곳곳에 많이 보이는데, 마치 호주의 열대우림 속에 들어와 있는 듯한 착각이 들 만큼 생경한 풍경이다. 부산에 아직 이런 숲이 남아 있다는 사실이 그저 놀랍다.?태고의 신비를 만끽하며 오르락내리락 좁은 산길을 걷다 보면 어느 순간 철조망이 사라지고 왼편으로 바다가 시원스럽게 펼쳐지는 탁 트인 공간이 나타난다. 한국해양대학교가 손에 잡힐 듯 가까이 보이고 북항과 신선대 부두, 오륙도와 해운대까지 파노라마로 펼쳐진다.발 아래로 펼쳐지는 황홀한 풍경에 저절로 발걸음이 멈춘다. 얼굴에 닿는 바닷바람이 한없이 상쾌하다. 태종대에 이런 절경이 숨어 있을 줄이야. 그러고 보니 비밀의 숲길로 들어선 이후 한 명도 사람을 마주치지 않았다. 마치 한 사람만을 위해 열어 놓은 길인듯 호사스럽기 그지없다.?바다 풍경을 뒤로 하고 다시 숲길을 따라 걸으면 가파른 경사로가 나타난다. 흙길이 돌길로 변하고 주변 지형도 험해진다. 가벼운 마음으로 둘러볼 수 있는 숲길이지만 안전을 위해서 최소한의 준비는 하는 것이 좋겠다. 물과 등산화는 필수다. 철조망이 없는 곳은 특히 주의해야 한다. 잠시라도 방심하면 낭떠러지 아래로 구를 수 있다.숨이 턱 밑까지 차오를 즈음 다시 평탄한 숲길이 나타나는데 오른쪽에 작은 동굴이 있다. 자연 동굴은 아니고 사람이 판 인공동굴이다. 사람 서 너 명이 앉으면 꽉 찰 정도의 작은 규모인데 내부로 들어가니 생각보다 공간이 넓다.동굴을 지나 태종초소가 보이면 결승점이 눈앞이다. 철조망 앞에 도착하면 갑자기 길이 끊어져 당황하게 되는데 철조망을 따라 오른쪽 숲 속으로 조금만 이동하면 포장도로가 나타나고 곧장 태종사로 이어진다.?<p class=""font-size28 colorDarkBlue medium"">태종사</p>드라마틱했던 태종대 비밀의 숲의 대미를 장식할 태종사는 1970년대에 세워진 사찰이다. 대웅전을 중심으로 산신각과 그 외 부속 건물들이 태종산 자락에 자리하고 있는데 고즈넉한 분위기가 주변 풍경과 잘 어우러진다.평범하다면 평범한 이 절이 전국구 명소로 이름을 날리게 된 건 수국 덕분이다. 7월 말부터 각양각색의 수국꽃들이 지천으로 피면 완전히 다른 세상이 된다. 수국꽃이 얼마나 많은지 절집이 꽃 속에 파묻힌 모습이다. 수국 개화시기에 맞춰 열리는 수국문화축제를 보기 위해 전국에서 심지어 외국에서도 관광객들이 몰려든다.??<p class=""font-size28 colorDarkBlue medium"">감지해변</p>태종사에서 내려오면 태종대 일주도로와 만난다. 오른쪽으로 가면 곧장 태종대 유원지 입구로 향하고 왼쪽으로 가면 영도등대와 전망대를 거쳐 유원지 입구로 갈 수 있다. 시간이 넉넉하다면 왼쪽으로 방향을 잡고 걸으면서 중간에 만나는 영도등대와 전망대를 함께 둘러보자. 유네스코 지질공원으로 지정될 만큼 아름다운 태종대의 해안 풍경을 만날 수 있는 코스다.유원지 입구에서 왼쪽 길을 따라 내려가면 곧장 감지해변에 닿는다. 태종대에 있는 여러 개의 몽돌해변 중 하나로 탁 트인 전망과 푸른 바다가 인상적인 곳이다. 감지해변에서 유람선을 타면 바다에서 태종대를 살펴볼 수도 있다. 해변가에 있는 조개구이촌에서 파도소리를 들으며 소주 한 잔 기울이는 낭만도 놓치지 말자."
"1169","우리가 가을 해운대를 사랑하는 이유, 달맞이길 (한,영,중간,중번,일)","도보여행","35.164738","129.1865","달맞이길, 달맞이어울마당, 청사포, 해운대 해마루","우리가 가을 해운대를 사랑하는 이유, 달맞이길","글·사진 여행작가 문철진","달맞이길도시철도 2호선 해운대역 1번 출구 → 해운대전화국 정류장 마을버스 환승 해운대구2, 해운대구10 → 해월정입구?힐사이드슈퍼 정류장 하차 도보 5분버스 100, 139, 141, 200, 39, 1003, 141(심야) 미포?문탠로드입구 하차 도보 10분부산시티투어버스 블루라인 해운대해수욕장 승차 → 문탠로드 하차주차 해월정 공영주차장청사포도시철도 2호선 장산역 7번 출구 → 장산역 정류장 마을버스 환승 해운대구10 → 슈퍼앞 정류장 하차 도보 3분주차 청사포 공영주차장해운대 해마루도시철도 2호선 장산역 7번 출구 → 장산역 정류장 마을버스 환승 해운대구10 → 슈퍼앞 정류장 하차 도보 20분주차 해마루 주차장(공간 협소 / 승용차 7~8면)","-","https://www.visitbusan.net/uploadImgs/files/cntnts/20211103170057258_ttiel","https://www.visitbusan.net/uploadImgs/files/cntnts/20211103170057258_thumbL","벌써 다섯 번째 이야기를 전할 시간이네요. 오늘 만나볼 여행지는 해운대 여행에서 절대 놓칠 수 없는 달맞이길입니다. 해운대 끝자락 미포에서 송정해수욕장으로 이어지는 언덕길인 달맞이길은 대도시의 번잡함을 벗어나 자연 속에서 사색과 여유를 즐길 수 있는 힐링 공간입니다. 가을이 익어가는 요즘은 청명한 가을 하늘과 짙푸른 바다. 그리고 오색으로 물들어가는 단풍잎이 완벽한 조화를 이뤄 더욱 매력적인데요. 우리가 가을 해운대를 사랑하는 이유! 달맞이길로 함께 떠나보시죠~<p class=""font-size28 colorDarkBlue medium"">달맞이어울마당</p>해운대해수욕장을 살짝 벗어났을 뿐인데 분위기가 전혀 다르다. 고층빌딩숲이 내뿜던 긴장감은 온 데 간 데 없고 고요하고 평화로운 기운이 주변을 감싼다. 바다를 따라 산책로가 이어지는가 싶더니 어느새 나무가 우거진 숲길이 시작된다. 달빛과 함께 걷는 로맨틱한 산책로 문탠로드다.오늘 여행의 시작점인 달맞이어울마당까지 문탠로드를 따라 걸어도 좋지만 체력 안배를 위해 대중교통이나 자동차로 일단 이동하자. 해월정이 있는 달맞이동산에서 그리 멀지 않은 곳에 위치한 달맞이어울마당은 푸른 동해바다를 배경으로 멋진 무대와 객석을 주변 숲과 조화롭게 배치했다. 바다 위에 두둥실 떠 있는 작은 섬과 같다고 할까. 자연 속에 원래 있던 공간처럼 편안하고 따뜻한 분위기라 자꾸만 보게 된다. 달맞이어울마당에선 '달맞이 철학축제'와 '달맞이 별다른 음악회' 등 다양한 문화 행사가 수시로 열린다. 달빛이 내려앉는 밤에 더욱 아름다워지는 곳이니 보름달이 뜬 날 꼭 찾아가보자.?<p class=""font-size28 colorDarkBlue medium"">사색의 오솔길</p>달맞이어울마당까지 내려가 무대와 객석을 한 바퀴 휘 돌고 다시 달맞이길로 돌아왔다. 둥근 보름달 모양의 안내판을 지나면 곧장 사색의 오솔길로 들어선다. 쉴 새 없이 지나가는 자동차와 사람들로 북적이던 달맞이길과 달리 오솔길은 적막감이 느껴질 정도로 고요하다. 달맞이길과 불과 10미터 남짓 떨어졌을 뿐인데도 완전히 다른 공간처럼 느껴진다.간혹 운동을 하거나 산책을 하는 사람이 오솔길을 지나갈 뿐. 관광객들을 만날 일은 거의 없다. 로컬들이 찾는 진짜 달맞이길이 바로 여기다. 오솔길로 들어서자마자 초록의 향연이 시작된다. 사방이 온통 초록이다. 갖가지 종류의 나무들이 뿜어내는 피톤치드가 들숨과 날숨을 넘나들며 온몸을 적신다. 마치 깊은 숲 속을 걷고 있는 듯한 기분이 들어 자꾸만 주변을 두리번거리게 된다.어느덧 가을이 깊어가는 계절. 사색의 오솔길에도 노랗게 물든 나뭇잎들이 곳곳에 보인다. 화려한 단풍은 아니지만 가을 분위기를 느끼기엔 충분하다. 어디선가 들려오는 풀벌레 소리와 어렴풋이 느껴지는 파도소리가 귓등을 간지럽힌다. 겨우 10분 남짓 숲길을 걸었을 뿐인데 몸이 한결 가벼워진 느낌이다.해운대해수욕장 가까이에 이토록 멋진 숲길이 있다는 걸 아는 사람은 사실 많지 않다. 남녀노소 누구나 걸을 수 있는 평평한 길인데다 곳곳에 조명도 있어서 밤에도 크게 위험하지 않다. 기분 좋은 산책을 계속 이어가고 싶지만 이내 숲길이 끝나고 청사포로 가는 도로가 나타난다. 이제 다시 달맞이길로 돌아가 해마루로 향할 차례다.<p class=""font-size28 colorDarkBlue medium"">달맞이길</p>해월정사 버스정류장에서 발걸음을 되돌려 청사포입구 교차로로 올라간 뒤 다시 달맞이길에 합류한다. 청사포입구 교차로를 가로지르는 다리 위에 서면 발 아래로 두 개의 등대가 마주 보고 서 있는 청사포와 푸른 바다가 펼쳐진다. 누구라도 걸음을 멈추고 내려다보게 되는 멋진 풍경이다. 시원한 바닷바람을 맞으며 잠시 땀을 식힌 뒤 송정 방향으로 다시 길을 잡는다.구불구불 이어지는 달맞이길을 따라 자동차들이 쉴 새 없이 달려간다. 달맞이길은 부산 최고의 드라이브 코스로 이미 정평이 나 있다. 길 양 옆은 온통 벚나무들이라 꽃이 피는 봄에는 달맞이길 전체가 벚꽃 터널로 변신한다. 벚꽃이 흩날리는 밤. 자동차를 타고 달리는 달맞이길은 로맨틱 그 자체다.고도가 조금씩 높아지면 길 옆 나무 사이로 언뜻 언뜻 푸른 바다가 보이기 시작한다. 해마루로 가는 중간 쯤 탁 트인 공간이 나타나는데 마침 작은 전망대를 만들어 두었다. 조금 전까지만 해도 깊은 숲속을 걷는 기분이었는데 지금은 푸른 바다를 따라 끝없는 트래킹을 하는 것 같다. 걸어온 길을 되돌아보니 달맞이고개 위에 빼곡하게 자리한 건물들이 손에 잡힐 듯 가까이 보인다.점점 서쪽으로 기울어가는 태양이 서서히 빛을 잃어갈 즈음. 해마루 입구에 도착했다. 부드럽고 따뜻한 햇살이 세상을 온통 황금빛으로 물들이는 시간. 달맞이길도 노랗게 변해간다. 이제 나무로 된 계단만 오르면 오늘의 마지막 코스인 해마루다. 한 걸음 한 걸음 계단을 오를 때마다 태양의 고도가 시시각각 변하며 풍경이 달라진다.<p class=""font-size28 colorDarkBlue medium"">해운대 해마루</p>'일출을 처음으로 맞이하는 산등성이의 꼭대기'라는 뜻을 가진 해마루는 달맞이길에서 가장 전망이 좋은 곳이다. 부산에서 개최한 APEC 정상회의를 기념해 전통 정자 양식의 2층 전망대로 지난 2005년 준공됐다. 달맞이고개는 물론이고 청사포와 해운대, 멀리 오륙도까지 한눈에 감상할 수 있다. 날씨가 좋은 날엔 일본 대마도도 선명하게 보인다.해마루에 도착하니 벌써 해가 달맞이 정상까지 내려왔다. 둥그런 태양이 포물선을 그리며 서서히 도심 속으로 떨어지더니 이내 사라진다. 빛을 잃은 달맞이길은 하나 둘 붉을 밝히며 다가올 밤을 준비한다. 정자 위에 올라서니 달맞이의 야경이 파노라마로 펼쳐진다. 마린시티처럼 화려하진 않은데 이상하게 달콤하다. 보름달이 뜬 달맞이의 밤이 문득 궁금해진다."
"1171","강변산책로(한,영)","도보여행","35.19903","129.07968","온천천 산책로, 수영강 강변산책로, 낙동강변 산책로","걷기 좋은 강변산책로","가을로 깊어지는 부산의 강변 3곳","온천천 산책로도시철도 1호선 교대역 6번 출구 도보 5분버스 10, 100-1, 129-1, 189, 31, 43, 506, 77 교대역 정류장 하차 도보 5분수영강 강변산책로도시철도 2호선 민락역 4번 출구 도보 10분버스 141, 155, 210, 39, 40, 5-1, 63 수영현대아파트(민락역) 정류장 하차 도보 5분낙동강변 산책로도시철도 2호선 모라역 1번 출구 도보 20분버스 123, 126 국제식품 정류장 하차 도보 10분주차 삼락생태공원 P1주차장","휠체어접근 가능","https://www.visitbusan.net/uploadImgs/files/cntnts/20211105114612810_ttiel","https://www.visitbusan.net/uploadImgs/files/cntnts/20211105114612810_thumbL","눈 깜짝할 새 초록 잎사귀가 울긋불긋한 색을 입고 어느 새 가을도 절정에 치달았다. 가을 색을 입은 잎사귀가 하나, 둘 낙엽이 되면 짧디 짧았던 이 가을도 끝이 난다. 집에서만 바라보기엔 아깝기만 한 이 순간, 가볍게 도보여행을 떠나 보는 건 어떨까? 멀리가지 않아도 좋다. 발걸음이 닿는 곳마다 시원한 강변 바람이 불어오고, 가을로 깊어가는 정취를 느낄 수 있는 곳. 걷기 좋은 부산의 강변 산책로로 지금 떠나보자.<p class=""font-size28 colorDarkBlue medium"">온천천 산책로</p>서울에 청계천이 있다면 부산에는 온천천이 있다. 금정구에서 시작되어 동래구, 연제구를 흐르는 온천천은 하천을 따라 산책로가 이어져 있어 부산 시민들의 사랑을 받는 대표적인 하천 산책로다. 도심 속에 있다고 해서 평범함을 상상하지 말자. 온천천을 따라 걷다 보면 도심에서는 만나보기 힘든 수달, 왜가리, 백로 등 야생 동물들도 심심치 않게 만나볼 수 있다. 온천천 나무 아래 운치 있는 카페거리도 있어 여름엔 시원한 여유를, 겨울에는 따끈한 커피 한 잔을 선사한다.온천천이 사랑받는 이유가 그 뿐일까? 그 어떤 것보다 온천천의 아름다움은 사계절의 모습에 있다. 온천천을 따라 피어난 이름 모를 들꽃, 언덕 위 오래된 벚나무들은 시시각각 계절마다 새로운 옷을 갈아입는다. 부쩍 차가워진 바람에 알록달록 단풍이 지는 계절이 오면 가을의 색이 온천천에 번지듯 한 폭의 그림처럼 펼쳐진다. 짧아서 더욱 아름다운 이 계절, 그림 같은 풍경 속을 걸어보자.<p class=""font-size28 colorDarkBlue medium"">수영강 강변산책로</p>하늘 높이 쭉 뻗은 고층 건물 사이, 답답했던 가슴마저 뻥 뚫릴 듯 시원한 강변바람을 느낄 수 있는 곳이 있다. 바로 수영강 강변산책로다. 동천교에서 좌수영교, 민락교까지 이어진 부산 갈맷길 8-2코스의 일부인 수영강 강변산책로는 평탄하고 완만하여 가볍게 산책하기에 더할 나위 없이 좋다. 청명한 하늘, 선선한 바람, 가을로 무르익은 산책로는 바쁜 도심 속에서 잠깐의 휴식을 선물한다. 천천히 걷는 것보다 조금의 속도감을 즐기고 싶다면 자전거를 꺼내 수영강 강변산책로를 달려보자. 곡선을 그리며 유유히 흐르는 수영강변은 맑은 물과 시원한 공기만으로도 충분한데, 달리는 자전거 길 자체도 편하게 잘 닦여 있다. 바람이 선선한 가을이야말로 자전거 타기에 더 없이 좋은 시기! 시원한 가을바람 가르며 지금 이 계절을 마음껏 만끽해 보자. <p class=""font-size28 colorDarkBlue medium"">낙동강변 산책로</p>오랜 여정을 끝내고 바다와 만나게 되는 낙동강 하구, 유유히 흘러가는 낙동강 옆에 서면 강 건너 불어오는 서늘한 바람에 기분마저 상쾌해진다. 부산 도심에서 강둑 하나만 넘으면 만날 수 있는 낙동강변 산책로는 선선해진 가을바람에 나들이를 즐기러 나온 사람들로 넘쳐난다. 시원한 나무 그늘 아래 강에서 들려오는 소리를 들으며 ‘물멍’을 즐기기에도 좋다. 어디선가 불어 닥친 바람에 일제히 금빛 물결로 출렁이는 갈대밭. 낙동강변의 가을 풍경은 보는 이의 마음까지 흔들어 놓는다. 매년 이맘때면 강바람에 흩날리는 갈대가 금빛 장관을 이뤄 사람들의 시선을 사로잡는다. 바쁜 일정에 쫓겨 올 가을도 놓쳤다면 멀지 않은 낙동강변 산책로에서 가을의 마지막 모습을 남겨보는 건 어떨까?"
"1174","조각공원 (한,영)","도보여행","35.109364","128.9448","을숙도조각공원, 천마산조각공원, APEC나루공원","발걸음마다 예술의 향기, 조각공원으로 산책 가요~","편하고 쉽게 즐기는 문화예술","을숙도조각공원도시철도 1호선 하단역 5번 출구 → 하단역 정류장 버스 환승 3, 58-2, 520, 168, 55, 58 → 을숙도(문화회관)을숙도생태공원 하차 도보 5분주차 을숙도문화회관 주차장천마산조각공원도시철도 1호선 자갈치역 5번 출구 → 자갈치역 정류장 버스 환승 134 → 동산교회 정류장 하차 도보 8분주차 (구)감정초등학교 공영주차장APEC나루공원도시철도 2호선 센텀시티역 12번 출구 → 도보 10분 주차 APEC나루공원 주차장","을숙도조각공원 : 장애인 주차구역, 장애인 화장실, 휠체어접근 가능APEC나루공원 : 장애인 주차구역, 장애인 화장실, 점자블록, 휠체어접근 가능","https://www.visitbusan.net/uploadImgs/files/cntnts/20211110181516905_ttiel","https://www.visitbusan.net/uploadImgs/files/cntnts/20211110181516905_thumbL","바쁜 현대인에게 필요한 건 뭐니 뭐니 해도 리프레시! 멈춰있는 생각에 생기를 더해 생각을 전환하고 마음을 정화하고자 많은 이가 여행하고 문화예술을 접한다. 이 두 가지를 동시에 할 수 있는 곳이 있다. 그곳은 바로 다양한 예술품이 거리 곳곳에 놓인 조각공원. 발걸음을 움직일 때마다 만나는 조각들은 새로운 생각과 지금껏 경험하지 못한 감흥을 선사한다. 무엇보다 조각들을 구경하며 걷기에 단 한 순간도 지루하지 않다. 문화적 소양을 쌓는 건 덤~ 그리고 가장 좋은 건 예술작품을 감상하는 비용이 무료라는 것! 아름다운 예술작품으로 채워진 조각공원에서 일상을 더 특별하게~ 여행을 더 흥미롭게 즐겨보자. <p class=""font-size28 colorDarkBlue medium"">을숙도조각공원</p>2004년 부산 비엔날레 ‘부산 조각 프로젝트 사업’과 연계해 조성된 을숙도 조각공원은 을숙도문화회관 내에 있다. 이곳에는 2004년 부산 비엔날레 부산 조각 프로젝트 출품작인 총 20점의 조각작품이 있다. 작품의 주제는 주로 자연생태와 평화로운 공존을 다루고 있다. 모래톱이 쌓여 만들어진 을숙도는 낙동강 하구에 있는 섬으로 수직 정원이 특징인 현대 미술관과 연못 공원, 산책길 등이 있다. 자연과 문화를 동시에 즐길 수 있는 최적의 장소~! 천혜의 경관과 어우러진 다양한 조각작품은 날씨에 따라, 시간에 따라 다양한 느낌을 안겨 준다. 이곳의 부지는 2만 880㎡로 꽤 넓다. 강변 풍경과 조각작품을 보며 한 바퀴만 돌아도~ 몸이 가벼워지고 마음이 충만해지는 기분이 들 것이다.  <p class=""font-size28 colorDarkBlue medium"">천마산조각공원</p>천마산은 아담하지만 천마산 조각공원의 규모는 상당하다. 부지가 약 1만 6천㎡! 놓여있는 작품은 무려 44점! 온통 숲과 나무로 둘러싸여 있어 포근한 자연 속에서 여유롭게 예술작품을 감상할 수 있다. 산책로가 있어 주민과 여행객들의 쉼터로, 학생들의 현장학습체험 문화공간으로 각광받는 천마산 조각공원! 이곳에는 잠시 쉬어갈 수 있는 유아숲체험원과 피크닉 테이블이 놓여있어 아이가 있는 가족에게 인기가 많다. 전망대에서 바라보는 부산항대교, 남항대교, 부산타워 등 손에 잡힐 듯 아스라이 멀리 있는 부산의 명소들은 설렘을 안겨 준다. 운해와 바다, 숲이 있는 평화로운 곳에서 조각작품을 감상하며 여유를 느껴보고 싶다면 천마산 조각공원을 찾아가 보자.   <p class=""font-size28 colorDarkBlue medium"">APEC나루공원</p>계절도 쉬어가는 낭만적인 장소, 수영강을 가까이에서 만날 수 있는 APEC나루공원은 유유자적 걷기에 참 좋은 곳이다. 바다와 어우러진 단풍, 그리고 곳곳에 놓인 인상적인 조각 작품들은 마치 이국적인 야외 미술 전시회를 연상케 한다.   일렁이는 수영강을 따라 사부작사부작~ 낙엽 밟으며 오솔길을 산책하다 보면 곳곳에 놓인 조각작품으로 절로 발걸음이 멈춰질지도 모른다. 어지러운 생각을 버리고 꽉 찬 마음을 비우고 여유와 감흥을 담아 가기에 딱 좋은 곳~! APEC나루공원에는 작품 배치도가 있어 조각작품을 좀 더 쉽고 편하게 감상할 수 있다."
"1176","서울워커의 부산여행_송도(한, 영, 중간, 중번, 일)","도보여행","35.075676","129.01703","암남공원, 송도용궁구름다리, 송도해상케이블카, 구름산책로, 송도해수욕장","송도해수욕장 주변 가을산책, 서울워커의 부산여행","바다 위를 걷는 송도, 하루 여행코스","암남공원?송도용궁구름다리도시철도 1호선 자갈치역 2번 출구 → 충무동교차로 정류장 버스 환승 30, 7, 71 → 암남공원 하자 도보 5분주차 암남공원 공영주차장(유료)송도해상케이블카도시철도 1호선 자갈치역 2번 출구 → 충무동교차로 정류장 버스 환승 6, 26, 30, 96, 71, 96-1 → 암남동주민센터 정류장 하차 도보 10분주차 송도해상케이블카 송도베이스테이션 주차장(유료)송도해수욕장?구름산책로도시철도 1호선 자갈치역 2번 출구 → 충무동교차로 정류장 버스 환승 26, 30, 96, 71 → 송도해수욕장 정류장 하차 도보 3분부산시티투어버스 그린라인(부산역 승차) → 구름산책로 하차주차 송도해수욕장 공영주차장(유료)","암남공원 : 장애인 화장실, 장애인 주차구역, 주출입구 단차 없음송도해상케이블카 : 장애인 주차구역, 장애인 화장실, 엘리베이터, 휠체어접근 가능구름산책로 : 휠체어접근 가능송도해수욕장 : 장애인 화장실, 장애인 주차구역, 주출입구 단차 없음, 점자블록, 휠체어접근 가능","https://www.visitbusan.net/uploadImgs/files/cntnts/20211124153913711_ttiel","https://www.visitbusan.net/uploadImgs/files/cntnts/20211124153913711_thumbL","스산한 바람이 바다를 감싸면 가을의 바다는 낭만의 파도로 출렁인다. 해운대, 광안리, 기장이 부산 여행지의 대명사처럼 여겨지지만, 최근 부산의 남단에 있는 ‘송도’가 낭만 가득한 가을 여행지로 떠오르고 있다. 푸른 바다가 절경을 이룬 암남공원부터 바다 위를 가로지르는 송도해상케이블카, 동양의 나폴리로 불리는 송도해수욕장까지! 송도에서 하루 종일 즐기는 여행코스, 지금 떠나 보자.Seoul Walker가 걸은 부산 안심여행지 송도 영상 <a href=""https://www.youtube.com/watch?v=yDiq3JzI1hg "" target=""_blank"" alt=""새창열림"" class=""link-style1"">https://www.youtube.com/watch?v=yDiq3JzI1hg</a><p class=""font-size28 colorDarkBlue medium"">암남공원</p>오솔길 따라 울창한 소나무 숲 사이로 푸른 바다의 절경이 한 눈에 내다보이는 송도의 랜드마크, 암남공원이다. 깎아지를 듯 솟은 기암절벽으로 이루어진 암남공원은 오르는 중간 중간에 전망대와 벤치가 있어 한 폭의 그림처럼 펼쳐진 송도 바다의 아름다운 모습을 감상 할 수 있다. 시원하게 불어오는 해풍을 맞으며 1시간 정도 가볍게 트레킹을 즐기기에도 제격이다.<p class=""font-size28 colorDarkBlue medium"">송도용궁구름다리</p>암남공원과 바다 건너 작은 무인도 동섬을 연결하는 송도용궁구름다리는 바닥이 철망으로 되어 있어 마치 바다 위를 걷는 듯한 짜릿한 기분이 든다. 동섬을 따라 이어진 원형 탐방로는 시원스럽게 펼쳐진 송도 바다의 풍광과 기암절벽이 빚어낸 천혜의 경관, 하늘을 가로지르는 형형색색의 케이블카를 한 눈에 조망할 수 있다.<p class=""font-size28 colorDarkBlue medium"">송도해상케이블카</p>하늘 높이, 탁 트인 송도의 모습을 보고 싶다면 송도해상케이블카를 타보자. 단언컨대 지금까지 타 본 어떤 케이블카와도 비교할 수 없다. 최고 86m 높이의 바다 위 한가운데를 활공하는 케이블카는 짜릿함을 넘어 가슴 터질 듯 아찔한 기분마저 든다. 하지만 두려움도 잠시! 발밑에 광활하게 펼쳐진 바다의 모습에 어느 새 넋을 놓고 감탄사를 연발하는 내 모습을 발견할지도 모른다.<p class=""font-size28 colorDarkBlue medium"">구름산책로</p>상쾌한 가을바람을 맞아 한층 푸른빛으로 짙어진 송도 바다 위를 거닐어 보는 건 어떨까?송도해수욕장 동쪽에 있는 거북섬과 육지를 잇는 스카이워크 구름산책로다. 유연하게 굴곡을 그리는 나무데크의 산책로를 따라 걸으면 송도의 모습을 형상화한 여러 조형물들을 감상할 수 있다. 발아래 투명하게 비치는 출렁이는 파도를 보며 잠시 감상에 젖어들어도 좋다. <p class=""font-size28 colorDarkBlue medium"">송도해수욕장</p>하루가 끝나갈 무렵, 해가 지고 도심의 불빛이 하나 둘 켜지면 송도해수욕장은 또 다른 황홀경에 빠진다. 하늘과 바다가 어둠에 빠질수록 구름산책로와 송도해상케이블카의 오색 불빛이 반짝거리며 밤하늘을 수놓기 시작한다. 바다와 섬, 산과 도심이 어우러진 일몰이라니.. 이것이야말로 부산의 낭만 여행지 ‘송도’에서만 볼 수 있는 야경이 아닐까?"
"1193","을숙도 가을산책, 서울워커의 부산여행 (한,영,중간,중번,일)","도보여행","35.10939","128.94473","을숙도생태공원, 부산현대미술관, 피크닉광장, 초화원, 낙동강하구에코센터, 을숙도철새공원","을숙도 가을산책, 서울워커의 부산여행","시원한 강바람 따라 걷는 을숙도 하루 여행코스","을숙도도시철도 1호선 하단역 3번 출구 → 하단역정류장 버스 환승 3, 55, 58, 58-2, 168, 520, 1005, 2000, 58-1, 221 → 부산현대미술관정류장 하차 도보 10분버스 3, 55, 58, 58-2, 168, 520, 1005, 2000, 58-1, 221 부산현대미술관정류장 하차 도보 10분주차 을숙도주차장 1","장애인 화장실, 장애인 주차구역, 휠체어접근 가능을숙도문화회관, 부산현대미술관, 낙동강하구에코센터 : 점자블록, 엘리베이터, 휠체어대여 가능","https://www.visitbusan.net/uploadImgs/files/cntnts/20211209154758539_ttiel","https://www.visitbusan.net/uploadImgs/files/cntnts/20211209154758539_thumbL","한 뼘 높아진 하늘, 제법 추위가 느껴지는 바람, 또 하나의 계절이 지나가는 가을과 겨울 사이. 이런 날이면 어디로든 걷고 싶어진다. 지나가는 계절을 감상하기에 만추(晩秋)의 을숙도만큼 좋은 곳이 없다. 저 멀리 불어오는 시원한 강바람과 금빛으로 일렁이는 갈대숲, 드넓은 초록 평원이 이어지는 을숙도는 괜스레 늦가을 감성에 젖어 들게 만든다. 조용히 지나가는 가을을 감상할 수 있는 곳, 만추(晩秋)의 을숙도로 지금 떠나 보자. Seoul Walker가 걸은 부산 안심여행지 을숙도 영상 <a href=""https://www.youtube.com/watch?v=_0RTP7bSMRw"" target=""_blank"" alt=""새창열림"" class=""link-style1"">https://www.youtube.com/watch?v=_0RTP7bSMRw</a><p class=""font-size28 colorDarkBlue medium"">을숙도 생태공원</p>낙동강과 바다가 만나 만들어진 섬, 을숙도. 독특한 지형으로 인해 여러 생물들이 공존하는 ‘생태계의 보고’와 동양 최대의 ‘철새 도래지’였던 을숙도는 최근 다양한 문화 시설이 들어오면서 ‘문화·예술의 장’으로 거듭나고 있다. 생태계와 현대 문화가 공존하는 을숙도는 이런 분위기를 반영하듯 걸으면 걸을수록 새로운 모습을 보여 준다. 한 걸음 걸으면 시원한 강바람과 운치 있는 갈대밭이, 한 걸음 걸으면 드넓게 펼쳐진 초록 평원이, 또 한 걸음 걸으면 저마다 여가 시간을 보내고 있는 사람들의 모습이 아름답게 공존하고 있다. 이것이 우리가 만추(晩秋)의 을숙도를 찾는 이유가 아닐까? <p class=""font-size28 colorDarkBlue medium"">초화원과 피크닉광장</p>이 계절에 사람들이 을숙도를 찾는 이유는 하나다. 바로 솜사탕처럼 보송보송한 분홍 솜털의 핑크뮬리 때문! 을숙도 생태공원의 초화원에는 핑크뮬리와 코스모스 군락지가 있어 저 멀리 여행을 떠나지 않아도 가을을 마음껏 만끽할 수 있다. 초화원 바로 옆에는 드넓게 펼쳐진 초록 평원의 피크닉광장이 있다. 파란 하늘 아래 돗자리를 펼치고 맛있는 도시락과 함께 여유로운 시간을 보내면 얼마나 행복할까?<p class=""font-size28 colorDarkBlue medium"">을숙도 둘레길</p>조용히 산책을 하고 싶을 땐 섬 외곽 강가를 따라 을숙도 둘레길을 걸어 보자. 낙동강을 따라 이어져 있는 둘레길은 시원하게 불어오는 강바람과 함께 초록초록한 풀멍을 즐기기에도 좋다. 을숙도는 자전거를 무료로 대여해주기 때문에 자전거 데이트를 하기에도 좋은 곳이다. 자전거를 대여해 강바람을 가르며 마음껏 라이딩을 즐겨 보자. <p class=""font-size28 colorDarkBlue medium"">부산현대미술관</p>을숙도 한가운데 부산시가 건립한 공공미술관인 부산현대미술관이 2018년 6월에 개관했다. ‘생태계의 보고’인 을숙도의 분위기에 어울리게 미술관 외관부터 색다르다. 건물 그 자체가 ‘수직정원’이라는 작품명을 가지고 있는 이곳은 미술관 벽면을 따라 자라는 초록초록한 식물들로 지나가는 사람들의 눈길마저 사로잡는다.<p class=""font-size28 colorDarkBlue medium"">을숙도 철새공원</p>낙동강하구에코센터 가까이에 크고 작은 습지와 함께 걷기 좋은 산책길이 있다. 그 길을 따라 걷다 보면 어느 새 을숙도 철새공원에 도착한다. 이맘 때 쯤이면 습지를 찾아온 겨울 철새와 금빛 물결로 일렁이는 갈대밭이 절정을 이뤄 운치 있는 가을산책을 즐길 수 있다. 그저 천천히 걷는 것만으로도 힐링이 되는 곳, 을숙도 철새공원이다."
"1197","부산포개항가도 (한,영,중간,중번,일)","도보여행","35.13508","129.05377","역사스토리골목, 정공단, 부산진일신여학교, 안용복기념 부산포개항문화관, 증산공원전망대","아이와 함께 역사스테이: 역사가 흐르는 골목길 부산포개항가도","글?사진 여행작가 문철진","도시철도 1호선 좌천역 5번, 7번 출구 도보 3분버스 103, 17, 59, 61, 66, 67, 85, 88 좌천동가구거리(좌천역) 정류장 하차 도보 3분주차 안용복기념 부산포개항문화관","-","https://www.visitbusan.net/uploadImgs/files/cntnts/20211217144447185_ttiel","https://www.visitbusan.net/uploadImgs/files/cntnts/20211217144447185_thumbL","1407년 조선 조정은 남해안에서 노략질을 일삼던 왜구들을 관리하기 위해 부산포 왜관을 만들고 1426년에 부산포를 개항해 왜인과의 무역을 확대했습니다. 하지만 1876년 강화도조약과 함께 부산포는 일제에 의해 강제 개항되며 대륙 진출과 수탈의 창구 구실을 하게 됩니다. 부산포와 맞닿은 좌천동 일대에는 일제강점기 항일독립운동과 한국전쟁, 산업화 등 부산의 역사와 사람, 삶이 고스란히 남아 있습니다. 부산진성 외성을 시작으로 정공단과 일신여학교, 부산포개항문화관 등 부산의 역사문화자원들을 잇는 부산포개항가도는 그래서 살아 있는 역사교과서입니다.?<p class=""font-size28 colorDarkBlue medium"">역사스토리골목</p>좌천동 가구거리 사이로 난 좁은 골목길로 들어서면 화려한 벽화가 눈길을 붙잡는다. 부산포 개항가도의 역사스토리골목이다. 조선시대 임진왜란부터 항일독립운동에 이르기까지 한국과 일본의 역사와 관련된 다양한 이야기들이 벽화 속에 담겼다.압권은 여러 채의 건물에 그려진 대형 태극기다. 보는 각도에 따라 태극기 모양이 달라지는데 위치를 잘 잡으면 골목길 전체가 태극기로 뒤덮인 듯 한 모습을 확인할 수 있다.?<p class=""font-size28 colorDarkBlue medium"">정공단</p>역사스토리골목길을 벗어나면 바로 앞에 정공단이 있다. 정공단은 임진왜란 첫 전투였던 부산진전투에서 순절한 정발 장군과 그를 따른 부산진성 군민들을 추모하기 위해 1766년 부산 첨사 이광국이 설치한 제단이다. 매년 음력 4월 14일에 제향을 올리고 있다.주택가 한가운데에 우뚝 솟은 기와건물이 이채롭다. 멋모르고 지나가던 사람도 무슨 건물인가 싶어 주변을 기웃거린다. 꽤나 가파른 계단을 올라가 문을 열고 들어가면 제법 너른 마당이 펼쳐진다. 마당 뒤로 보이는 마을과 교회가 낯설면서도 흥미롭다. 교과서에서나 보던 임진왜란을 도심 한 곳에서 이토록 생생하게 느낄 수 있음이 그저 놀랍다.?정공단 오른편의 돌담길에는 노랗게 물든 은행나무잎이 마지막 잎을 떨구고 있다. 부산에서 흔히 보기 힘든 고즈넉한 돌담길은 인스타그래머들을 위한 사진 배경으로도 손색이 없다.골목길 한켠에 세워진 비석은 매견시목사 기념비다. 스코틀랜드 출신인 매견시 목사는 1910년 부산으로 와 29년 동안 선교활동을 펼쳤다. 본명은 제임스 노블 맥켄지(James Nobble Mackenzie). 맥캔지를 한자로 바꾼 이름이 매견시다. 좌천동에 지금도 왕성하게 환자들을 돌보고 있는 일신기독병원의 설립자로 한센병 환자들을 위한 요양소를 세워 오랜 세월 그들을 치료하고 돌보는데 힘을 쏟았다.?<p class=""font-size28 colorDarkBlue medium"">부산진일신여학교</p>정공단을 지나 골목길을 조금 더 오르면 붉은색 벽돌로 지어진 근대 양식의 건물이 나타난다. 갑자기 외국으로 순간이동이라도 한 것처럼 이국적인 분위기가 물씬 느껴진다. 1895년 부산항 개항으로 한국에 온 호주 선교회가 건립한 부산·경남 최초의 신여성 교육기관이다.(부산시 기념물 제55호).이 건물은 1905년에 근대식 건물로 다시 지어졌는데 건물의 정면 계단과 2층 난간 등은 20세기 초 서양식 건물의 원형을 잘 보존하고 있다. 일제강점기 이전 서양 선교사들이 지은 건물이라는 점에서 건축사적 가치가 뛰어나다. 비례와 균형을 잘 버무린 덕에 마치 예술작품을 보는 듯한 기분마저 든다.?일신여학교는 항일운동사에서도 큰 의미를 갖는 곳이다. 1919년 3월 11일. 일신여학교의 선생과 학생들은 부산과 경남에서 처음으로 3.1 만세운동을 펼쳤고 그 뒤로 무수한 학생들이 부산 곳곳에서 태극기를 휘날리며 일제에 항거했다. 일본인 경찰서장 하시모토에게 폭탄을 던진 박재혁과 순국당 사건에 연루돼 어린 나이에 순국한 정오연 등 동구에 유독 독립운동가들이 많은 것도 우연은 아니다.일신여학교에서 금성고등학교로 이어지는 골목길은 그런 독립운동가들을 기리는 공간이다. 민족대표 33인이 작성해 낭독한 기미독립선언서가 원본 형태 그대로 벽에 새겨졌다. 동구 출신 독립운동가 29명의 애국충절과 독립정신을 되새기기 위한 기림벽도 마련됐다.?<p class=""font-size28 colorDarkBlue medium"">안용복기념 부산포개항문화관</p>금성고등학교를 지나 조금 더 올라가면 안용복기념 부산포개항문화관이 보인다. 안용복은 동구 좌천동에서 태어난 수군 출신의 평범한 어부였다. 하지만 왜관을 드나들며 일본어에 능숙했고 울릉도와 독도를 침범하는 일본 어선을 나포하거나 일본 막부에 이를 항의하며 독도와 울릉도가 조선의 땅임을 확인하는 공식 외교문서를 받아내기도 했다. 한 개인이 어떻게 조선과 일본을 오가며 이토록 엄청난 일을 해냈는지는 지금도 미스터리다. 그가 남긴 많은 기록을 통해 그저 짐작만 할 뿐 상상조차 쉽지 않다.문화관 마당에는 안용복이 일본으로 건너갈 때 탔던 배를 복원해서 전시해두었다. 문화관 내부로 들어가면 안용복이 두 번에 걸쳐 일본으로 건너간 과정을 영상으로 만날 수 있다. 부산의 지명 유래와 부산포 개항에 관한 자료들도 함께 전시되어 있다.?<p class=""font-size28 colorDarkBlue medium"">증산공원전망대</p>안용복 기념 부산포개항문화관 맞은편엔 증산공원으로 올라가는 승강기가 설치되어 있다. 우리가 아는 일반적인 승강기가 아니라 마치 케이블카처럼 비스듬히 경사면을 올라가면 경사형 승강기다. 스위스처럼 산이 많은 외국에선 가끔씩 만날 수 있지만 한국에선 낯선 형태다.일반 엘리베이터처럼 버튼을 누르고 기다리면 승강기가 도착하고 문이 열린다. 내부도 일반 승강기와 다를 바 없지만 레일을 따라 비스듬히 올라가면서 창밖으로 풍경을 볼 수 있다는 것이 확연한 차이다. 증산공원까지 가려면 중간에 다른 승강기로 한 번 더 갈아타야 한다. 고도가 높아지면서 방금 걸어온 부산포개항가도는 물론이고 멀리 부산 앞바다와 부산항이 한눈에 들어온다.?두 번째 승강기에서 내리면 '증산왜성'이라고 적힌 안내판이 보인다. 증산왜성은 임진왜란 때 왜군이 지은 성이다. 왜군은 부산진성을 함락한 뒤 이곳에 성을 지어 조선침략의 전진기지로 삼았다.지금도 성벽이 남아 있어서 왜성의 형태를 짐작해볼 수 있다. 증산공원은 증산왜성 터에 조성한 공원이다. 주민들을 위한 체육시설을 갖췄고 산책로도 마련되어 있다. 성벽 계단을 따라 올라가면 너른 운동장이 있고 한편에 3층짜리 전망대가 보인다. 전망대에 오르면 발 아래로 좌천동 일대와 북항, 부산진성 등을 파노라마로 볼 수 있다."
"1307","야간 트레킹 (한,영,중간,중번,일)","도보여행","35.082535","129.0551","봉래산","무더위 싹! 봉래산 야간 트레킹","글?사진 여행작가 문철진","도시철도 1호선 남포역 6번 출구 → 영도대교.남포역 정류장 508, 7, 71 버스 환승 → 75광장 정류장 하차 도보 5분주차 75광장앞노상공영주차장","-","https://www.visitbusan.net/uploadImgs/files/cntnts/20220721101704465_ttiel","https://www.visitbusan.net/uploadImgs/files/cntnts/20220721101704465_thumbL","폭염이 기승을 부리는 요즘. 더위를 피해 부산의 매력을 오롯이 느껴볼 수 있는 여행지가 있다면 좋겠지요? 요즘 부산에서 가장 뜨거운 영도의 봉래산으로 여러분을 안내합니다. 해질무렵에 출발해 한 시간 남짓만 걸으면 정상에 오를 수 있습니다. 사방에서 불어오는 시원한 바람을 맞으며 부산의 일몰과 야경을 즐기는 봉래산 야간 트레킹! 지금 함께 떠나보시죠.<p class=""font-size28 colorDarkBlue medium"">목장원에서 정상까지</p>영도의 중심에 위치한 봉래산은 해발 395m의 아담한 산이다. 정상에 서면 부산의 동서남북을 파노라마로 볼 수 있어서 부산시민은 물론이고 외지 관광객들도 즐겨 찾는다.정상으로 가는 길은 여러 갈래다. 그 중 봉래산 둘레길을 잠시나마 맛보고 산을 오르는 재미도 느낄 수 있는 목장원 코스를 선택했다. 목장원 주차장에서 출발해 숲길로 들어서면 이내 봉래산 둘레길과 만난다. 차가 다녀도 될 정도로 넓은 산길을 따라 천천히 걷다 보면 금방 편백숲에 도착한다.?조금만 더 올라가다가 오른쪽을 보면 황토색 바닥재가 깔린 작은 숲길이 있다. 그 곳으로 들어가면 이내 약수터가 나오고 정상으로 가는 등산로 입구가 나타난다. 여기서부터 정상까지는 1km 정도 되는 거리다. 천천히 걸어도 한 시간이면 충분히 도착한다. 다만 경사가 제법 있는 돌계단이라 중간 중간 충분히 쉬고 물도 마시면서 올라가면 그리 힘들지 않다. 해가 질 무렵이라 숲 속은 제법 선선하다.등산로를 따라 계속 올라가면 정자가 있는 평평한 공간이 나타난다. 봉래산 정상 육거리(중앙갈림김)이다. 6개의 갈림길이 있는데 나무 데크가 설치되어 있는 정상 방면으로 발길을 돌려 5분만 더 오르면 첫 번째 정상 전망대에 도착한다.??<p class=""font-size28 colorDarkBlue medium"">첫 번째 정상전망대</p>가쁜 숨을 몰아 쉬며 마지막 언덕을 오르면 나무 데크로 만든 넓은 전망대가 나타난다. 봉래산 정상에 세워진 두 개의 전망대 가운데 하나다. 나무에 가려져서 보이지 않던 주변 풍경이 비로소 시원스럽게 펼쳐진다. 발 아래로 송도는 물론 감천과 다대포, 멀리 거제도까지 한눈에 보인다.서쪽 하늘을 노랗게 물들인 태양이 산 너머로 뉘엇뉘엇 넘어간다. 누가 먼저랄 것도 없이 카메라를 꺼내 사진 찍기에 바쁘다. 멀리서 불어오는 시원한 바람에 이마를 타고 흐르던 땀은 금세 사라지고 찌뿌둥하던 몸이 개운해진다. 한여름 무더위를 한 번에 날려버리는 청량함이다.?<p class=""font-size28 colorDarkBlue medium"">봉래산 정상</p>첫 번째 정상 전망대에서 1분만 더 걸으면 드디어 해발 395m. 봉래산 정상이다. 정상을 알리는 표지석 주변에는 영도 사람들을 보살펴준다는 삼신할매바위가 있다. 영도 사람들은 이 바위를 신성하게 여겨 함부로 올라가거나 만지지 않는다. 그 앞에서 절을 하고 기도를 올리며 평화와 안녕을 기원한다.?정상표지석 바로 앞에는 두 번째 정상 전망대가 펼쳐져 있다. 영도를 중심으로 부산의 풍경이 동서남북, 파노라마로 펼쳐진다. 하늘을 노랗게 물들이던 태양이 천마산 뒤로 서서히 내려앉으며 세상을 온통 오렌지빛으로 물들인다. 반대편으로는 북항을 가로지르는 부산항대교와 신선대부두가 보인다. 멀리 오륙도와 해운대까지 부산이 모두 발아래 있다.그렇게 부산의 일몰을 감상하며 30분쯤 기다리면 봉래산 야간 트레킹의 하이라이트인 야경 타임이 시작된다. 알록달록 화려한 빛으로 반짝이는 부산항대교를 비롯해 광안대교와 해운대 LCT까지 어둠 속에서 빛을 발한다. 대형 선박에 쉴 새 없이 컨테이너를 싣고 있는 부두 야경은 이국적이기까지 하다.반대편으로 가면 영도와 송도를 잇는 남항대교와 송도해수욕장, 자갈치와 용두산공원 야경이 황홀하다. 백만 불짜리 홍콩 야경이 부럽지 않은 천만 불짜리 부산 야경이다.?<p class=""font-size28 colorDarkBlue medium"">데크로드 따라 하산</p>야경까지 보고 나면 주변이 상당히 어둡다. 올라왔던 길로 내려가기보다 작은 조명이 켜져 있는 데크로드를 따라 하산하는 것이 안전하고 빠르다. 경사가 거의 없는 평탄한 길이라 초행자라도 어려움 없이 산을 내려올 수 있다. 데크로드 옆으로 보이는 부산의 야경을 감상하며 걷는 야간 트레킹은 봉래산에서만 맛볼 수 있는 즐거움이다. 정상 전망대에서 데크로드를 따라 계속 내려가면 방송국 송신소 건물이 보이는데, 여기서부터 포장도로가 아래까지 이어진다. 가로등이 켜져 있어서 무섭거나 위험하지는 않다. 10여 분 정도 길을 따라 내려와 조내기고구마 역사공원이 보이면 등산로도 끝이 난다.해가 진후에 시작하는 등산이지만 땀이 많이 흐르기 때문에 물을 충분히 준비해서 오르자. 절대 무리하지 말고 천천히 쉬면서 등산을 하고 혼자보다 두 명 이상이 함께 갈 것을 추천하다. 야간 산행에 대비해 손전등도 가져가면 좋다."
"1367","시약산에서 만난 뜻밖의 즐거움(한,영,중간,중번,일)","도보여행","35.118626","128.99966","시약산, 구덕문화공원, 꽃마을","시약산에서 만난 뜻밖의 즐거움","글·사진 여행작가 김도근","도시철도 1호선 서대신역 4번 출구 → 서대신역 정류장 마을버스 서구1 환승 → 구덕꽃마을 정류장 하차 도보 10분주차 구덕문화공원 주차장","-","https://www.visitbusan.net/uploadImgs/files/cntnts/20230202161417137_ttiel","https://www.visitbusan.net/uploadImgs/files/cntnts/20230202161417137_thumbL","가을이 깊어갑니다. 백두산에서 시작해 지리산까지 이어지는 우리나라의 가장 큰 산줄기인 백두대간을 타고 단풍이 내려옵니다. 이 백두대간 가운데 있는 태백산 자락에서 시작해서 주왕산, 가지산을 거쳐 부산의 끝, 다대포 몰운대까지 이어지는 산줄기가 바로 낙동정맥인데요. 오늘은 이 낙동정맥의 끝자락에 있는 산이자, 바다와 산, 강을 아우르는 부산의 풍경을 가장 잘 볼 수 있는 산인 ‘시약산’을 소개합니다.   <p class=""font-size28 colorDarkBlue medium"">아름다운 숲속 정원, 구덕문화공원</p>부산 서구 구덕산 자락에는 ‘꽃마을’이라는 예쁜 마을이 있다. 이곳은 예로부터 들꽃이 많아, 이 꽃을 팔아서 생계를 유지한 사람들이 모여 산다고 해서 ‘꽃마을’이라고 불렸다. 이곳에 자리 잡은 아름다운 숲속 정원이 구덕문화공원이다. 공원에는 전시관, 폭포, 연못, 꽃길, 산책길 등이 잘 조성되어 있어 숲속에서 여유롭게 가을을 느끼기 좋다. 이곳에서 꼭 찾아가 볼 만한 곳이 있는데 목석원예관과 편백숲 명상의 길이다. 목석원예관은 돌과 나무, 식물로 만든 독특한 작품을 볼 수 있는 곳이다. 돌이나 나무에 식물 자라게 해 작품을 만드는 것을 ‘석부작’, ‘목부작’이라고 하는데 이곳에는 100여 점의 작품을 볼 수 있다. 아열대 식물과 화석 등도 볼 수 있어 자연과 시간이 만드는 아름다움을 만날 수 있다.   시약산을 오르기 전 편백숲 명상의 길을 천천히 걸어보자. 이곳은 구덕문화공원에서 시작해 250m 정도 되는 걷기 좋은 숲길이다. 숲길 옆으로 소나무와 편백나무가 우거져 있다. 편백나무가 품어내는 피톤치드를 깊게 마시며, 천천히 숲길을 걷는다. 역시 자연은 사람을 회복시키고, 가을은 그 자연을 즐기기에 가장 좋은 계절이다. <p class=""font-size28 colorDarkBlue medium"">시약산으로 오르는 길</p>이제 본격적으로 시약산으로 오른다. 구덕산 정상 이정표를 따라 10분 정도 오르막길을 오르면 임도가 나온다. 임도를 따라 걷는 길이라 편안하다. 길가에는 가을 야생화가 피어있고, 나뭇잎은 가을 단풍이 물들어 있다. 이 길을 따라 30분 정도 천천히 걷다보면 재넘이 마루터가 나온다. 이곳이 갈대가 유명한 승학산과 시약산의 갈림길이다. 제넘이 마루터에서 시약산 정산을 향하여 발걸음을 옮긴다. 여기서부터 시야가 펼쳐진다. 오른쪽으로는 갈대로 유명한 승학산이 보이고, 저 멀리 시약산 정상에 기상레이더 관측소도 보인다. 우리나라에는 11개의 기상레이더 관측소가 있는데, 시약산 정상에도 이 기상레이더 관측소가 우뚝 솟아 있다.  <p class=""font-size28 colorDarkBlue medium"">부산을 품은 시약산 파노라마 뷰</p>기상레이더 관측소로 가는 길, 왼쪽으로는 부산의 동쪽 풍경이 파노라마처럼 펼쳐진다. 엄광산을 넘어 멀리 해운대, 부산항대교, 영도까지 뷰가 시원하게 펼쳐진다. 이 뷰를 가장 잘 볼 수 있는 곳이 바로 시약정이다. 시약정에 서서 부산항을 바라보자. 황령산 봉수대가 부산의 가운데서 부산 전체를 조망할 수 있는 곳이라면, 시약정에서 펼쳐지는 부산항, 영도, 감천항 파노라마는 산과 바다, 항구를 품은 부산의 풍경을 가장 잘 볼 수 있는 곳이다. 시약정에서 시약산 정상까지는 5분이 채 걸리지 않는다. 시약산 정상에는 기상 레이더 관측소가 우뚝 솟아 있는데 이곳에 서면 왜 여기 기상관측 레이더가 설치되어 있는지 금방 알 수 있다. 백두산에서 뻗어 굽이쳐온 산줄기가 바로 이곳 시약산에서 몰운대까지 이어져 마침내 바다로 이어지는 것이다. 산, 바다, 항구가 어우러진 도시, 여기가 부산이다.<p class=""font-size28 colorDarkBlue medium"">여행의 끝, 꽃마을 프로방스</p>시약산에서 다시 여정의 출발지, 꽃마을로 향한다. 구덕문화공원에서 시약산을 올랐다가 다시 꽃마을로 돌아오는데 2~3시간이면 충분하다. 최근 꽃마을은 ‘꽃마을 프로방스’라는 이름으로 재단장하고 있다. 특히 꽃마을은 도심과 가까운 자연휴식처로 유명해 다양한 먹거리가 많이 있다. 이곳에서 꼭 먹어봐야 하는 음식이 있는데 바로 시락국이다. 시락국과 함께 고등어 조림과 각종 야채가 나오는데 가격이 매우 저렴하고 맛이 좋아 가을 산행 후 식사로는 이보다 더 좋을 수 없다.금정산이나 황령산, 장산처럼 많이 알려져 있지 않으나 가을이 깊어가는 요즘, 한나절 시간을 내어 다양한 볼거리와 부산만의 풍경, 맛있는 음식을 찾는다면 부산을 품은 산, 시약산으로 가자."
"1386","가을 힐링 산책(한,영,중간,중번,일)","도보여행","35.225693","129.00368","화명생태공원, 기찻길 숲속 산책길, 금빛노을브릿지","가을 힐링 산책","글·사진 여행작가 신경민","화명생태공원 / 기찻길 숲속 산책길도시철도 2호선 화명역 1번 출구 도보 10분주차 화명생태공원 공영주차장금빛노을브릿지도시철도 2호선 덕천역 3번 출구 도보 10분주차 대리천공영주차장","-","https://www.visitbusan.net/uploadImgs/files/cntnts/20221123131045783_ttiel","https://www.visitbusan.net/uploadImgs/files/cntnts/20221123131045783_thumbL","<p class=""font-size28 colorDarkBlue medium"">화명생태공원</p>화명 신도시에서 가장 접근성이 좋은 화명생태공원은 습지와 수생데크 그리고 해양레포츠와 다양한 체육시설들까지 조성되어 있어 운동과 피크닉 등 다양한 목적으로 다양한 연령대가 찾는 생태공원이다. 화명생태공원은 부산에서 가을을 맞이하기에도 좋은 곳인데 곳곳에 억새와 메타세쿼이아 그리고 다양한 가을꽃들을 볼 수가 있기 때문이다. 하지만 방문했을 시기엔 아쉽게도 꽃들은 이미 지고 난 후이기 때문에 볼 수가 없었다. 그래도 곳곳에 한창 물들어가고 있는 메타세쿼이아 나무들과 은행나무 그리고 억새들이 가을을 느낄 수 있게 해준다.오후에 화명생태공원을 방문하면 햇빛이 정말 따스해 가을의 분위기를 한껏 올려주는데 특히 4주차장 근처에 있는 메타세쿼이아 산책길 사이를 걷고 있으면 그 기분을 제대로 느껴볼 수가 있다. 방문했던 날 날씨가 좋아서였는지 피크닉을 즐기는 시민들과 산책, 그리고 운동을 하러 온 시민들이 많이 보였다. 각 계절마다 화명생태공원은 그 계절에 맞는 모습들을 보여줘서 언제 오더라도 예쁘기도 하고 크기가 큰 공원인 만큼 들판부터 산책로 그리고 낙동강까지 정말 다양하게 즐길 수 있다.<p class=""font-size28 colorDarkBlue medium"">기찻길 숲속 산책길</p>오후엔 날씨가 제법 선선해진 요즘 많은 분들이 산책을 나서곤 한다. 화명동에는 이런 날씨에 산책하기 정말 좋은 산책길이 있는데 바로 기찻길 숲속 산책길이다. 이 산책로는 경부선 철길에서 발생되는 소음을 줄이기 위해 조성한 녹색지대이다. 화명동 기찻길 숲속 산책길은 길 자체는 그렇게 길진 않지만 나무들이 꽤 촘촘하게 심어져 있어 마치 숲속에 들어온 것 같은 느낌을 받을 수 있다. 또 이곳에 심어진 나무들은 메타세쿼이아나 단풍나무들이 대부분이어서 봄이나 여름에도 굉장히 푸릇푸릇하지만 가을에 방문하면 따뜻한 색들이 가득해 기분이 정말 좋은 곳이다.또 산책길은 화명생태공원과 이어져 있어 중간중간에 있는 다리 밑의 터널로 들어가면 화명생태공원으로 갈 수 있어 같이 묶어서 다녀오기에 좋은 곳이다. 산책로에는 다양한 운동기구들도 마련되어 있어 가볍게 운동하기에도 좋고 또 숲 도서관이 설치되어 있어 책을 꺼내 근처 벤치에 앉아서 시간을 보내기에도 좋다. 나무 그늘 및 벤치에 앉아 있다 보면 간간이 들려오는 기차소리와 함께 도심을 벗어난 느낌도 드니 생태공원에 그늘이 없을 때엔 이곳을 방문해 보면 좋을 거 같다.<p class=""font-size28 colorDarkBlue medium"">금빛노을브릿지</p>밤에 강변도로를 타고 구포를 지나가다 보면 보이는 화려한 다리가 있다. 올해 5월에 완공된 금빛노을브릿지다. 금빛노을브릿지는 구포시장과 화명생태공원의 연꽃 단지를 이어주는 보행교로 과거엔 연꽃단지를 가려면 한참을 돌아서 가야 했지만 금빛노을브릿지가 생겨나면서 돌아가지 않아도 돼서 매우 편하게 연꽃 단지를 갈 수가 있게 되었다.금빛노을브릿지는 약 4층 정도 되는 높이로 계단을 타고 올라갈 수 있는데 계단과 함께 엘리베이터도 설치가 되어 있어 편하게 올라갈 수 있다. 브릿지에 올라서면 구포시장 방면부터 화명동 방면의 뷰가 브릿지 양옆으로 펼쳐진다. 또 철도 위를 지나가니 시간만 잘 맞는다면 기차가 지나가는 것을 볼 수 있다.보행교를 따라 걷다 보면 끝에 전망대가 있어 잠시 쉬었다 가면서 시원한 바람과 함께 멋진 뷰를 즐길 수 있으며, 이름에서도 이미 알다시피 노을 시간에 맞춰서 간다면 멋진 노을을 볼 수 있으니 일몰시간을 확인하고 방문하면 좋을 것 같고 또 브릿지는 밤이 되면 여러 가지 색으로 불빛이 들어와 야경으로도 너무나 멋진 곳이다.일몰과 함께 잠시 기다렸다가 야경까지 보고 가기에 안성맞춤이다. 금빛노을브릿지의 길이는 그렇게 길지는 않아 가벼운 산책으로 가기에 너무나 좋으니 부산에서 색다른 관광지를 찾는다면 이곳에 방문하면 좋을듯하다."
